Pais,Encuesta,access_right,Ronda armonizada BID,Total,year,availability,person
ARG,EPHP,,m10,11,1986,,
ARG,EPHP,,m10,11,1989,,
ARG,EPHP,,m10,11,1990,,
ARG,EPHP,,m10,11,1991,,
ARG,EPHP,,m10,11,1992,1.0,
ARG,EPHP,,m10,11,1993,1.0,
ARG,EPHP,,m10,11,1994,1.0,
ARG,EPHP,,m10,11,1995,1.0,
ARG,EPHP,,m10,11,1996,1.0,
ARG,EPHP,,m10,11,1997,1.0,
ARG,EPHP,,m10,11,1998,1.0,
ARG,EPHP,,m10,11,1999,1.0,
ARG,EPHP,,m10,11,2000,1.0,
ARG,EPHP,,m10,11,2001,1.0,
ARG,EPHP,,m10,11,2002,1.0,
ARG,EPHP,,m10,11,2003,,
ARG,EPHP,,m10,11,2004,,
ARG,EPHP,,m10,11,2005,,
ARG,EPHP,,m10,11,2006,,
ARG,EPHP,,m10,11,2007,,
ARG,EPHP,,m10,11,2008,,
ARG,EPHP,,m10,11,2009,,
ARG,EPHP,,m10,11,2010,,
ARG,EPHP,,m10,11,2011,,
ARG,EPHP,,m10,11,2012,,
ARG,EPHP,,m10,11,2013,,
ARG,EPHP,,m10,11,2014,,
ARG,EPHP,,m10,11,2015,,
ARG,EPHP,,m10,11,2016,,
ARG,EPHP,,m10,11,2017,,
ARG,EPHP,,m10,11,2018,,
ARG,EPHP,,m10,11,2019,,
ARG,EPHP,,m10,11,2020,,
ARG,EPHP,,m10,11,2021,,
ARG,EPHP,,m10,11,2022,,
ARG,EPHC,public,s2,18,1986,,
ARG,EPHC,public,s2,18,1989,,
ARG,EPHC,public,s2,18,1990,,
ARG,EPHC,public,s2,18,1991,,
ARG,EPHC,public,s2,18,1992,,
ARG,EPHC,public,s2,18,1993,,
ARG,EPHC,public,s2,18,1994,,
ARG,EPHC,public,s2,18,1995,,
ARG,EPHC,public,s2,18,1996,,
ARG,EPHC,public,s2,18,1997,,
ARG,EPHC,public,s2,18,1998,,
ARG,EPHC,public,s2,18,1999,,
ARG,EPHC,public,s2,18,2000,,
ARG,EPHC,public,s2,18,2001,,
ARG,EPHC,public,s2,18,2002,,
ARG,EPHC,,s2,18,2003,1.0,
ARG,EPHC,,s2,18,2004,1.0,
ARG,EPHC,,s2,18,2005,1.0,
ARG,EPHC,,s2,18,2006,1.0,
ARG,EPHC,,s2,18,2007,1.0,
ARG,EPHC,,s2,18,2008,1.0,
ARG,EPHC,,s2,18,2009,1.0,
ARG,EPHC,,s2,18,2010,1.0,
ARG,EPHC,,s2,18,2011,1.0,
ARG,EPHC,,s2,18,2012,1.0,
ARG,EPHC,,s2,18,2013,1.0,
ARG,EPHC,,s2,18,2014,1.0,
ARG,EPHC,public,s2,18,2015,,
ARG,EPHC,,s1,1,2015,1.0,
ARG,EPHC,,s2,18,2016,1.0,
ARG,EPHC,,s2,18,2017,1.0,
ARG,EPHC,,s2,18,2018,1.0,
ARG,EPHC,,s2,18,2019,1.0,
ARG,EPHC,,s2,18,2020,1.0,
ARG,EPHC,,s2,18,2021,1.0,
ARG,EPHC,,s2,18,2022,1.0,
ARG,EPHC,public,s1,1,1986,,
ARG,EPHC,public,s1,1,1989,,
ARG,EPHC,public,s1,1,1990,,
ARG,EPHC,public,s1,1,1991,,
ARG,EPHC,public,s1,1,1992,,
ARG,EPHC,public,s1,1,1993,,
ARG,EPHC,public,s1,1,1994,,
ARG,EPHC,public,s1,1,1995,,
ARG,EPHC,public,s1,1,1996,,
ARG,EPHC,public,s1,1,1997,,
ARG,EPHC,public,s1,1,1998,,
ARG,EPHC,public,s1,1,1999,,
ARG,EPHC,public,s1,1,2000,,
ARG,EPHC,public,s1,1,2001,,
ARG,EPHC,public,s1,1,2002,,
ARG,EPHC,public,s1,1,2003,,
ARG,EPHC,public,s1,1,2004,,
ARG,EPHC,public,s1,1,2005,,
ARG,EPHC,public,s1,1,2006,,
ARG,EPHC,public,s1,1,2007,,
ARG,EPHC,public,s1,1,2008,,
ARG,EPHC,public,s1,1,2009,,
ARG,EPHC,public,s1,1,2010,,
ARG,EPHC,public,s1,1,2011,,
ARG,EPHC,public,s1,1,2012,,
ARG,EPHC,public,s1,1,2013,,
ARG,EPHC,public,s1,1,2014,,
ARG,EPHC,,s2,18,2023,1.0,
ARG,EPHC,,s2,18,2024,1.0,Davidv2
ARG,EPHC,public,s1,1,2016,,
ARG,EPHC,public,s1,1,2017,,
ARG,EPHC,public,s1,1,2018,,
ARG,EPHC,public,s1,1,2019,,
ARG,EPHC,public,s1,1,2020,,
ARG,EPHC,public,s1,1,2021,,
ARG,EPHC,public,s1,1,2022,,
BHS,LFS,restricted,a,13,1986,,
BHS,LFS,restricted,a,13,1989,,
BHS,LFS,restricted,a,13,1990,,
BHS,LFS,restricted,a,13,1991,,
BHS,LFS,restricted,a,13,1992,,
BHS,LFS,restricted,a,13,1993,,
BHS,LFS,restricted,a,13,1994,,
BHS,LFS,restricted,a,13,1995,,
BHS,LFS,restricted,a,13,1996,,
BHS,LFS,restricted,a,13,1997,,
BHS,LFS,restricted,a,13,1998,,
BHS,LFS,restricted,a,13,1999,,
BHS,LFS,restricted,a,13,2000,,
BHS,LFS,,a,13,2001,1.0,
BHS,LFS,,a,13,2002,1.0,
BHS,LFS,,a,13,2003,1.0,
BHS,LFS,,a,13,2004,1.0,
BHS,LFS,,a,13,2005,1.0,
BHS,LFS,,a,13,2006,1.0,
BHS,LFS,,a,13,2007,1.0,
BHS,LFS,,a,13,2008,1.0,
BHS,LFS,,a,13,2009,1.0,
BHS,LFS,restricted,a,13,2010,,
BHS,LFS,,a,13,2011,1.0,
BHS,LFS,,a,13,2012,1.0,
BHS,LFS,,a,13,2013,1.0,
BHS,LFS,,a,13,2014,1.0,
BHS,LFS,restricted,a,13,2015,1.0,
BHS,LFS,restricted,a,13,2016,1.0,
BHS,LFS,restricted,a,13,2017,1.0,
BHS,LFS,restricted,a,13,2018,1.0,
BHS,LFS,restricted,a,13,2019,1.0,
BHS,LFS,restricted,a,13,2023,1.0,
BHS,LFS,restricted,a,13,2015,,
BHS,LFS,restricted,a,13,2016,,
BHS,LFS,restricted,a,13,2017,,
BHS,LFS,restricted,a,13,2018,,
BHS,LFS,restricted,a,13,2019,,
BHS,LFS,restricted,a,13,2020,,
BHS,LFS,restricted,a,13,2021,,
BHS,LFS,restricted,a,13,2022,,
BLZ,LFS,restricted,m4,7,1986,,
BLZ,LFS,restricted,m4,7,1989,,
BLZ,LFS,restricted,m4,7,1990,,
BLZ,LFS,restricted,m4,7,1991,,
BLZ,LFS,restricted,m4,7,1992,,
BLZ,LFS,,m4,7,1993,1.0,
BLZ,LFS,,m4,7,1994,1.0,
BLZ,LFS,,m4,7,1995,1.0,
BLZ,LFS,,m4,7,1996,1.0,
BLZ,LFS,,m4,7,1997,1.0,
BLZ,LFS,,m4,7,1998,1.0,
BLZ,LFS,,m4,7,1999,1.0,
BLZ,LFS,restricted,m4,7,2000,,
BLZ,LFS,restricted,m4,7,2001,,
BLZ,LFS,restricted,m4,7,2002,,
BLZ,LFS,restricted,m4,7,2003,,
BLZ,LFS,restricted,m4,7,2004,,
BLZ,LFS,restricted,m4,7,2005,,
BLZ,LFS,restricted,m4,7,2006,,
BLZ,LFS,restricted,m4,7,2007,,
BLZ,LFS,restricted,m4,7,2008,,
BLZ,LFS,restricted,m4,7,2009,,
BLZ,LFS,restricted,m4,7,2010,,
BLZ,LFS,restricted,m4,7,2011,,
BLZ,LFS,restricted,m4,7,2012,,
BLZ,LFS,restricted,m4,7,2013,,
BLZ,LFS,restricted,m4,7,2014,,
BLZ,LFS,restricted,m4,7,2015,,
BLZ,LFS,restricted,m4,7,2016,,
BLZ,LFS,restricted,m4,7,2017,,
BLZ,LFS,,a,5,2001,1.0,
BLZ,LFS,restricted,m4,7,2019,,
BLZ,LFS,restricted,m4,7,2020,,
BLZ,LFS,restricted,m4,7,2021,,
BLZ,LFS,restricted,m4,7,2022,,
BLZ,LFS,restricted,a,5,1986,,
BLZ,LFS,restricted,a,5,1989,,
BLZ,LFS,restricted,a,5,1990,,
BLZ,LFS,restricted,a,5,1991,,
BLZ,LFS,restricted,a,5,1992,,
BLZ,LFS,restricted,a,5,1993,,
BLZ,LFS,restricted,a,5,1994,,
BLZ,LFS,restricted,a,5,1995,,
BLZ,LFS,restricted,a,5,1996,,
BLZ,LFS,restricted,a,5,1997,,
BLZ,LFS,restricted,a,5,1998,,
BLZ,LFS,restricted,a,5,1999,,
BLZ,LFS,restricted,a,5,2000,,
BLZ,LFS,,a,5,2002,1.0,
BLZ,LFS,,a,5,2003,1.0,
BLZ,LFS,,a,5,2004,1.0,
BLZ,LFS,,a,5,2005,1.0,
BLZ,LFS,,m10,1,2007,1.0,
BLZ,LFS,restricted,a,5,2006,,
BLZ,LFS,restricted,a,5,2007,,
BLZ,LFS,restricted,a,5,2008,,
BLZ,LFS,restricted,a,5,2009,,
BLZ,LFS,restricted,a,5,2010,,
BLZ,LFS,restricted,a,5,2011,,
BLZ,LFS,restricted,a,5,2012,,
BLZ,LFS,restricted,a,5,2013,,
BLZ,LFS,restricted,a,5,2014,,
BLZ,LFS,restricted,a,5,2015,,
BLZ,LFS,restricted,a,5,2016,,
BLZ,LFS,restricted,a,5,2017,,
BLZ,LFS,restricted,a,5,2018,,
BLZ,LFS,restricted,a,5,2019,,
BLZ,LFS,restricted,a,5,2020,,
BLZ,LFS,restricted,a,5,2021,,
BLZ,LFS,restricted,a,5,2022,,
BLZ,LFS,restricted,m10,1,1986,,
BLZ,LFS,restricted,m10,1,1989,,
BLZ,LFS,restricted,m10,1,1990,,
BLZ,LFS,restricted,m10,1,1991,,
BLZ,LFS,restricted,m10,1,1992,,
BLZ,LFS,restricted,m10,1,1993,,
BLZ,LFS,restricted,m10,1,1994,,
BLZ,LFS,restricted,m10,1,1995,,
BLZ,LFS,restricted,m10,1,1996,,
BLZ,LFS,restricted,m10,1,1997,,
BLZ,LFS,restricted,m10,1,1998,,
BLZ,LFS,restricted,m10,1,1999,,
BLZ,LFS,restricted,m10,1,2000,,
BLZ,LFS,restricted,m10,1,2001,,
BLZ,LFS,restricted,m10,1,2002,,
BLZ,LFS,restricted,m10,1,2003,,
BLZ,LFS,restricted,m10,1,2004,,
BLZ,LFS,restricted,m10,1,2005,,
BLZ,LFS,restricted,m10,1,2006,,
BLZ,LFS,,m4,7,2018,1.0,
BLZ,LFS,restricted,m10,1,2008,,
BLZ,LFS,restricted,m10,1,2009,,
BLZ,LFS,restricted,m10,1,2010,,
BLZ,LFS,restricted,m10,1,2011,,
BLZ,LFS,restricted,m10,1,2012,,
BLZ,LFS,restricted,m10,1,2013,,
BLZ,LFS,restricted,m10,1,2014,,
BLZ,LFS,restricted,m10,1,2015,,
BLZ,LFS,restricted,m10,1,2016,,
BLZ,LFS,restricted,m10,1,2017,,
BLZ,LFS,restricted,m10,1,2018,,
BLZ,LFS,restricted,m10,1,2019,,
BLZ,LFS,restricted,m10,1,2020,,
BLZ,LFS,restricted,m10,1,2021,,
BLZ,LFS,restricted,m10,1,2022,,
BOL,EIH,,m11,4,1986,,
BOL,EIH,,m11,4,1989,,
BOL,EIH,,m11,4,1990,1.0,
BOL,EIH,,m11,4,1991,1.0,
BOL,EIH,,m11,4,1992,1.0,
BOL,EIH,,m11,4,1993,1.0,
BOL,EIH,,m11,4,1994,,
BOL,EIH,,m11,4,1995,,
BOL,EIH,,m11,4,1996,,
BOL,EIH,,m11,4,1997,,
BOL,EIH,,m11,4,1998,,
BOL,EIH,,m11,4,1999,,
BOL,EIH,,m11,4,2000,,
BOL,EIH,,m11,4,2001,,
BOL,EIH,,m11,4,2002,,
BOL,EIH,,m11,4,2003,,
BOL,EIH,,m11,4,2004,,
BOL,EIH,,m11,4,2005,,
BOL,EIH,,m11,4,2006,,
BOL,EIH,,m11,4,2007,,
BOL,EIH,,m11,4,2008,,
BOL,EIH,,m11,4,2009,,
BOL,EIH,,m11,4,2010,,
BOL,EIH,,m11,4,2011,,
BOL,EIH,,m11,4,2012,,
BOL,EIH,,m11,4,2013,,
BOL,EIH,,m11,4,2014,,
BOL,EIH,,m11,4,2015,,
BOL,EIH,,m11,4,2016,,
BOL,EIH,,m11,4,2017,,
BOL,EIH,,m11,4,2018,,
BOL,EIH,,m11,4,2019,,
BOL,EIH,,m11,4,2020,,
BOL,EIH,,m11,4,2021,,
BOL,EIH,,m11,4,2022,,
BOL,EIH,,m7_m12,1,1986,,
BOL,EIH,,m7_m12,1,1989,,
BOL,EIH,,m7_m12,1,1990,,
BOL,EIH,,m7_m12,1,1991,,
BOL,EIH,,m7_m12,1,1992,,
BOL,EIH,,m7_m12,1,1993,,
BOL,EIH,,m7_m12,1,1994,1.0,
BOL,EIH,,m7_m12,1,1995,,
BOL,EIH,,m7_m12,1,1996,,
BOL,EIH,,m7_m12,1,1997,,
BOL,EIH,,m7_m12,1,1998,,
BOL,EIH,,m7_m12,1,1999,,
BOL,EIH,,m7_m12,1,2000,,
BOL,EIH,,m7_m12,1,2001,,
BOL,EIH,,m7_m12,1,2002,,
BOL,EIH,,m7_m12,1,2003,,
BOL,EIH,,m7_m12,1,2004,,
BOL,EIH,,m7_m12,1,2005,,
BOL,EIH,,m7_m12,1,2006,,
BOL,EIH,,m7_m12,1,2007,,
BOL,EIH,,m7_m12,1,2008,,
BOL,EIH,,m7_m12,1,2009,,
BOL,EIH,,m7_m12,1,2010,,
BOL,EIH,,m7_m12,1,2011,,
BOL,EIH,,m7_m12,1,2012,,
BOL,EIH,,m7_m12,1,2013,,
BOL,EIH,,m7_m12,1,2014,,
BOL,EIH,,m7_m12,1,2015,,
BOL,EIH,,m7_m12,1,2016,,
BOL,EIH,,m7_m12,1,2017,,
BOL,EIH,,m7_m12,1,2018,,
BOL,EIH,,m7_m12,1,2019,,
BOL,EIH,,m7_m12,1,2020,,
BOL,EIH,,m7_m12,1,2021,,
BOL,EIH,,m7_m12,1,2022,,
BOL,EIH,,m6,1,1986,,
BOL,EIH,,m6,1,1989,,
BOL,EIH,,m6,1,1990,,
BOL,EIH,,m6,1,1991,,
BOL,EIH,,m6,1,1992,,
BOL,EIH,,m6,1,1993,,
BOL,EIH,,m6,1,1994,,
BOL,EIH,,m6,1,1995,1.0,
BOL,EIH,,m6,1,1996,,
BOL,EIH,,m6,1,1997,,
BOL,EIH,,m6,1,1998,,
BOL,EIH,,m6,1,1999,,
BOL,EIH,,m6,1,2000,,
BOL,EIH,,m6,1,2001,,
BOL,EIH,,m6,1,2002,,
BOL,EIH,,m6,1,2003,,
BOL,EIH,,m6,1,2004,,
BOL,EIH,,m6,1,2005,,
BOL,EIH,,m6,1,2006,,
BOL,EIH,,m6,1,2007,,
BOL,EIH,,m6,1,2008,,
BOL,EIH,,m6,1,2009,,
BOL,EIH,,m6,1,2010,,
BOL,EIH,,m6,1,2011,,
BOL,EIH,,m6,1,2012,,
BOL,EIH,,m6,1,2013,,
BOL,EIH,,m6,1,2014,,
BOL,EIH,,m6,1,2015,,
BOL,EIH,,m6,1,2016,,
BOL,EIH,,m6,1,2017,,
BOL,EIH,,m6,1,2018,,
BOL,EIH,,m6,1,2019,,
BOL,EIH,,m6,1,2020,,
BOL,EIH,,m6,1,2021,,
BOL,EIH,,m6,1,2022,,
BOL,ENE,,m6,1,1986,,
BOL,ENE,,m6,1,1989,,
BOL,ENE,,m6,1,1990,,
BOL,ENE,,m6,1,1991,,
BOL,ENE,,m6,1,1992,,
BOL,ENE,,m6,1,1993,,
BOL,ENE,,m6,1,1994,,
BOL,ENE,,m6,1,1995,,
BOL,ENE,,m6,1,1996,1.0,
BOL,ENE,,m6,1,1997,,
BOL,ENE,,m6,1,1998,,
BOL,ENE,,m6,1,1999,,
BOL,ENE,,m6,1,2000,,
BOL,ENE,,m6,1,2001,,
BOL,ENE,,m6,1,2002,,
BOL,ENE,,m6,1,2003,,
BOL,ENE,,m6,1,2004,,
BOL,ENE,,m6,1,2005,,
BOL,ENE,,m6,1,2006,,
BOL,ENE,,m6,1,2007,,
BOL,ENE,,m6,1,2008,,
BOL,ENE,,m6,1,2009,,
BOL,ENE,,m6,1,2010,,
BOL,ENE,,m6,1,2011,,
BOL,ENE,,m6,1,2012,,
BOL,ENE,,m6,1,2013,,
BOL,ENE,,m6,1,2014,,
BOL,ENE,,m6,1,2015,,
BOL,ENE,,m6,1,2016,,
BOL,ENE,,m6,1,2017,,
BOL,ENE,,m6,1,2018,,
BOL,ENE,,m6,1,2019,,
BOL,ENE,,m6,1,2020,,
BOL,ENE,,m6,1,2021,,
BOL,ENE,,m6,1,2022,,
BOL,ENE,,m11,1,1986,,
BOL,ENE,,m11,1,1989,,
BOL,ENE,,m11,1,1990,,
BOL,ENE,,m11,1,1991,,
BOL,ENE,,m11,1,1992,,
BOL,ENE,,m11,1,1993,,
BOL,ENE,,m11,1,1994,,
BOL,ENE,,m11,1,1995,,
BOL,ENE,,m11,1,1996,,
BOL,ENE,,m11,1,1997,1.0,
BOL,ENE,,m11,1,1998,,
BOL,ENE,,m11,1,1999,,
BOL,ENE,,m11,1,2000,,
BOL,ENE,,m11,1,2001,,
BOL,ENE,,m11,1,2002,,
BOL,ENE,,m11,1,2003,,
BOL,ENE,,m11,1,2004,,
BOL,ENE,,m11,1,2005,,
BOL,ENE,,m11,1,2006,,
BOL,ENE,,m11,1,2007,,
BOL,ENE,,m11,1,2008,,
BOL,ENE,,m11,1,2009,,
BOL,ENE,,m11,1,2010,,
BOL,ENE,,m11,1,2011,,
BOL,ENE,,m11,1,2012,,
BOL,ENE,,m11,1,2013,,
BOL,ENE,,m11,1,2014,,
BOL,ENE,,m11,1,2015,,
BOL,ENE,,m11,1,2016,,
BOL,ENE,,m11,1,2017,,
BOL,ENE,,m11,1,2018,,
BOL,ENE,,m11,1,2019,,
BOL,ENE,,m11,1,2020,,
BOL,ENE,,m11,1,2021,,
BOL,ENE,,m11,1,2022,,
BOL,ECH,,m11,12,1986,,
BOL,ECH,,m11,12,1989,,
BOL,ECH,,m11,12,1990,,
BOL,ECH,,m11,12,1991,,
BOL,ECH,,m11,12,1992,,
BOL,ECH,,m11,12,1993,,
BOL,ECH,,m11,12,1994,,
BOL,ECH,,m11,12,1995,,
BOL,ECH,,m11,12,1996,,
BOL,ECH,,m11,12,1997,,
BOL,ECH,,m11,12,1998,,
BOL,ECH,,m11,12,1999,1.0,
BOL,ECH,,m11,12,2000,1.0,David
BOL,ECH,,m11,12,2001,,
BOL,ECH,,m11,12,2002,,
BOL,ECH,,m11,12,2003,,
BOL,ECH,,m11,12,2004,,
BOL,ECH,,m11,12,2005,,
BOL,ECH,,m11,12,2006,,
BOL,ECH,,m11,12,2007,,
BOL,ECH,,m11,12,2008,,
BOL,ECH,,m11,12,2009,,
BOL,ECH,,m11,12,2010,,
BOL,ECH,,m11,12,2011,,
BOL,ECH,,m11_m12,9,2001,1.0,
BOL,ECH,,m11_m12,9,2002,1.0,
BOL,ECH,,a2003-a2004,9,2003,1.0,
BOL,ECH,,m11_m12,9,2005,1.0,
BOL,ECH,,m11_m12,9,2006,1.0,
BOL,ECH,,m11_m12,9,2007,1.0,
BOL,ECH,,m11_m12,9,2008,1.0,
BOL,ECH,,m11_m12,9,2009,1.0,
BOL,ECH,,m11_m12,9,2011,1.0,
BOL,ECH,,m11,12,2012,1.0,
BOL,ECH,,m11,12,2022,,
BOL,ECH,,m11,12,2022,,
BOL,ECH,,m11_m12,9,1986,,
BOL,ECH,,m11_m12,9,1989,,
BOL,ECH,,m11_m12,9,1990,,
BOL,ECH,,m11_m12,9,1991,,
BOL,ECH,,m11_m12,9,1992,,
BOL,ECH,,m11_m12,9,1993,,
BOL,ECH,,m11_m12,9,1994,,
BOL,ECH,,m11_m12,9,1995,,
BOL,ECH,,m11_m12,9,1996,,
BOL,ECH,,m11_m12,9,1997,,
BOL,ECH,,m11_m12,9,1998,,
BOL,ECH,,m11_m12,9,1999,,
BOL,ECH,,m11_m12,9,2000,,
BOL,ECH,,m11,12,2013,1.0,
BOL,ECH,,m11,12,2014,1.0,
BOL,ECH,,m11,12,2015,1.0,
BOL,ECH,,m11_m12,9,2004,,
BOL,ECH,,m11,12,2016,1.0,
BOL,ECH,,m11,12,2017,1.0,
BOL,ECH,,m11,12,2018,1.0,
BOL,ECH,,m11,12,2019,1.0,
BOL,ECH,,m11,12,2020,1.0,
BOL,ECH,,m11_m12,9,2010,,
BOL,ECH,,m11,12,2021,1.0,
BOL,ECH,,m11_m12,9,2012,,
BOL,ECH,,m11_m12,9,2013,,
BOL,ECH,,m11_m12,9,2014,,
BOL,ECH,,m11_m12,9,2015,,
BOL,ECH,,m11_m12,9,2016,,
BOL,ECH,,m11_m12,9,2017,,
BOL,ECH,,m11_m12,9,2018,,
BOL,ECH,,m11_m12,9,2019,,
BOL,ECH,,m11_m12,9,2020,,
BOL,ECH,,m11_m12,9,2021,,
BOL,ECH,,m10_m12,9,2022,1.0,
BOL,ECH,,m11_m12,9,2023,1.0,Davidv2
BRA,PNAD,public,m9,22,1986,,
BRA,PNAD,public,m9,22,1989,,
BRA,PNAD,,m9,22,1990,1.0,
BRA,PNAD,public,m9,22,1991,,
BRA,PNAD,,m9,22,1992,1.0,
BRA,PNAD,,m9,22,1993,1.0,
BRA,PNAD,public,m9,22,1994,,
BRA,PNAD,,m9,22,1995,1.0,
BRA,PNAD,,m9,22,1996,1.0,
BRA,PNAD,,m9,22,1997,1.0,
BRA,PNAD,,m9,22,1998,1.0,
BRA,PNAD,,m9,22,1999,1.0,
BRA,PNAD,public,m9,22,2000,,
BRA,PNAD,,m9,22,2001,1.0,
BRA,PNAD,,m9,22,2002,1.0,
BRA,PNAD,,m9,22,2003,1.0,
BRA,PNAD,,m9,22,2004,1.0,
BRA,PNAD,,m9,22,2005,1.0,
BRA,PNAD,,m9,22,2006,1.0,
BRA,PNAD,,m9,22,2007,1.0,
BRA,PNAD,,m9,22,2008,1.0,
BRA,PNAD,,m9,22,2009,1.0,
BRA,PNAD,public,m9,22,2010,,
BRA,PNAD,,m9,22,2011,1.0,
BRA,PNAD,,m9,22,2012,1.0,
BRA,PNAD,,m9,22,2013,1.0,
BRA,PNAD,,m9,22,2014,1.0,Isla
BRA,PNAD,,m9,22,2015,1.0,Isla
BRA,PNAD,public,m9,22,2016,,
BRA,PNAD,public,m9,22,2017,,
BRA,PNAD,public,m9,22,2018,,
BRA,PNAD,public,m9,22,2019,,
BRA,PNAD,public,m9,22,2020,,
BRA,PNAD,public,m9,22,2021,,
BRA,PNAD,public,m9,22,2022,,
BRA,PNADC,public,a,6,1986,,
BRA,PNADC,public,a,6,1989,,
BRA,PNADC,public,a,6,1990,,
BRA,PNADC,public,a,6,1991,,
BRA,PNADC,public,a,6,1992,,
BRA,PNADC,public,a,6,1993,,
BRA,PNADC,public,a,6,1994,,
BRA,PNADC,public,a,6,1995,,
BRA,PNADC,public,a,6,1996,,
BRA,PNADC,public,a,6,1997,,
BRA,PNADC,public,a,6,1998,,
BRA,PNADC,public,a,6,1999,,
BRA,PNADC,public,a,6,2000,,
BRA,PNADC,public,a,6,2001,,
BRA,PNADC,public,a,6,2002,,
BRA,PNADC,public,a,6,2003,,
BRA,PNADC,public,a,6,2004,,
BRA,PNADC,public,a,6,2005,,
BRA,PNADC,public,a,6,2006,,
BRA,PNADC,public,a,6,2007,,
BRA,PNADC,public,a,6,2008,,
BRA,PNADC,public,a,6,2009,,
BRA,PNADC,public,a,6,2010,,
BRA,PNADC,public,a,6,2011,,
BRA,PNADC,public,a,6,2012,,
BRA,PNADC,public,a,6,2013,,
BRA,PNADC,public,a,6,2014,,
BRA,PNADC,public,a,6,2015,,
BRA,PNADC,,a,6,2016,1.0,Isla
BRA,PNADC,,a,6,2017,1.0,Isla
BRA,PNADC,,a,6,2018,1.0,Isla
BRA,PNADC,,a,6,2019,1.0,Isla
BRA,PNADC,,a,6,2020,1.0,Isla
BRA,PNADC,,a,6,2021,1.0,Isla
BRA,PNADC,,a,6,2022,1.0,Isla
BRA,PNADC,,a,6,2023,1.0,Isla
BRA,PNADC,,a,6,2024,1.0,Davidv2
BRB,CLFS,restricted,a,13,1986,,
BRB,CLFS,restricted,a,13,1989,,
BRB,CLFS,restricted,a,13,1990,,
BRB,CLFS,restricted,a,13,1991,,
BRB,CLFS,restricted,a,13,1992,,
BRB,CLFS,restricted,a,13,1993,,
BRB,CLFS,restricted,a,13,1994,,
BRB,CLFS,restricted,a,13,1995,,
BRB,CLFS,restricted,a,13,1996,,
BRB,CLFS,restricted,a,13,1997,,
BRB,CLFS,restricted,a,13,1998,,
BRB,CLFS,restricted,a,13,1999,,
BRB,CLFS,,a,13,2000,1.0,David
BRB,CLFS,restricted,a,13,2001,,
BRB,CLFS,restricted,a,13,2002,,
BRB,CLFS,restricted,a,13,2003,,
BRB,CLFS,,a,13,2004,1.0,
BRB,CLFS,,a,13,2005,1.0,
BRB,CLFS,,a,13,2006,1.0,
BRB,CLFS,,a,13,2007,1.0,
BRB,CLFS,,a,13,2008,1.0,
BRB,CLFS,,a,13,2009,1.0,
BRB,CLFS,,a,13,2010,1.0,
BRB,CLFS,,a,13,2011,1.0,
BRB,CLFS,,a,13,2012,1.0,
BRB,CLFS,,a,13,2013,1.0,
BRB,CLFS,,a,13,2014,1.0,
BRB,CLFS,,a,13,2015,1.0,
BRB,CLFS,restricted,a,13,2016,,
BRB,CLFS,restricted,a,13,2017,,
BRB,CLFS,restricted,a,13,2018,,
BRB,CLFS,restricted,a,13,2019,,
BRB,CLFS,restricted,a,13,2020,,
BRB,CLFS,restricted,a,13,2021,,
BRB,CLFS,restricted,a,13,2022,,
BRB,CLFS,restricted,m1_m6,1,1986,,
BRB,CLFS,restricted,m1_m6,1,1989,,
BRB,CLFS,restricted,m1_m6,1,1990,,
BRB,CLFS,restricted,m1_m6,1,1991,,
BRB,CLFS,restricted,m1_m6,1,1992,,
BRB,CLFS,restricted,m1_m6,1,1993,,
BRB,CLFS,restricted,m1_m6,1,1994,,
BRB,CLFS,restricted,m1_m6,1,1995,,
BRB,CLFS,restricted,m1_m6,1,1996,,
BRB,CLFS,restricted,m1_m6,1,1997,,
BRB,CLFS,restricted,m1_m6,1,1998,,
BRB,CLFS,restricted,m1_m6,1,1999,,
BRB,CLFS,restricted,m1_m6,1,2000,,
BRB,CLFS,restricted,m1_m6,1,2001,,
BRB,CLFS,restricted,m1_m6,1,2002,,
BRB,CLFS,restricted,m1_m6,1,2003,,
BRB,CLFS,restricted,m1_m6,1,2004,,
BRB,CLFS,restricted,m1_m6,1,2005,,
BRB,CLFS,restricted,m1_m6,1,2006,,
BRB,CLFS,restricted,m1_m6,1,2007,,
BRB,CLFS,restricted,m1_m6,1,2008,,
BRB,CLFS,restricted,m1_m6,1,2009,,
BRB,CLFS,restricted,m1_m6,1,2010,,
BRB,CLFS,restricted,m1_m6,1,2011,,
BRB,CLFS,restricted,m1_m6,1,2012,,
BRB,CLFS,restricted,m1_m6,1,2013,,
BRB,CLFS,restricted,m1_m6,1,2014,,
BRB,CLFS,restricted,m1_m6,1,2015,,
BRB,CLFS,,m1_m6,1,2016,1.0,
BRB,BSLC,,a,1,2024,1.0,David
BRB,CLFS,restricted,m1_m6,1,2017,,
BRB,CLFS,restricted,m1_m6,1,2018,,
BRB,CLFS,restricted,m1_m6,1,2019,,
BRB,CLFS,restricted,m1_m6,1,2020,,
BRB,CLFS,restricted,m1_m6,1,2021,,
BRB,CLFS,restricted,m1_m6,1,2022,,
CHL,CASEN,,m11_m12,9,1986,,
CHL,CASEN,,m11_m12,9,1989,,
CHL,CASEN,,m11_m12,9,1990,1.0,
CHL,CASEN,,m11_m12,9,1991,,
CHL,CASEN,,m11_m12,9,1992,1.0,
CHL,CASEN,,m11_m12,9,1993,,
CHL,CASEN,,m11_m12,9,1994,1.0,
CHL,CASEN,,m11_m12,9,1995,,
CHL,CASEN,,m11_m12,9,1996,1.0,
CHL,CASEN,,m11_m12,9,1997,,
CHL,CASEN,,m11_m12,9,1998,1.0,
CHL,CASEN,,m11_m12,9,1999,,
CHL,CASEN,,m11_m12,9,2000,1.0,
CHL,CASEN,,m11_m12,9,2001,,
CHL,CASEN,,m11_m12,9,2002,,
CHL,CASEN,,m11_m12,9,2003,1.0,
CHL,CASEN,,m11_m12,9,2004,,
CHL,CASEN,,m11_m12,9,2005,,
CHL,CASEN,,m11_m12,9,2006,1.0,
CHL,CASEN,,m11_m12,9,2007,,
CHL,CASEN,,m11_m12,9,2008,,
CHL,CASEN,,m11_m12,9,2009,1.0,
CHL,CASEN,,m11_m12,9,2010,,
CHL,CASEN,,m11_m12,9,2011,,
CHL,CASEN,,m11_m12,9,2012,,
CHL,CASEN,,m11_m12,9,2013,,
CHL,CASEN,,m11_m12,9,2014,,
CHL,CASEN,,m11_m12,9,2015,,
CHL,CASEN,,m11_m12,9,2016,,
CHL,CASEN,,m11_m12,9,2017,,
CHL,CASEN,,m11_m12,9,2018,,
CHL,CASEN,,m11_m12,9,2019,,
CHL,CASEN,,m11_m12,9,2020,,
CHL,CASEN,,m11_m12,9,2021,,
CHL,CASEN,,m11_m12,9,2022,,
CHL,CASEN,,m11_m12_m1,5,1986,,
CHL,CASEN,,m11_m12_m1,5,1989,,
CHL,CASEN,,m11_m12_m1,5,1990,,
CHL,CASEN,,m11_m12_m1,5,1991,,
CHL,CASEN,,m11_m12_m1,5,1992,,
CHL,CASEN,,m11_m12_m1,5,1993,,
CHL,CASEN,,m11_m12_m1,5,1994,,
CHL,CASEN,,m11_m12_m1,5,1995,,
CHL,CASEN,,m11_m12_m1,5,1996,,
CHL,CASEN,,m11_m12_m1,5,1997,,
CHL,CASEN,,m11_m12_m1,5,1998,,
CHL,CASEN,,m11_m12_m1,5,1999,,
CHL,CASEN,,m11_m12_m1,5,2000,,
CHL,CASEN,,m11_m12_m1,5,2001,,
CHL,CASEN,,m11_m12_m1,5,2002,,
CHL,CASEN,,m11_m12_m1,5,2003,,
CHL,CASEN,,m11_m12_m1,5,2004,,
CHL,CASEN,,m11_m12_m1,5,2005,,
CHL,CASEN,,m11_m12_m1,5,2006,,
CHL,CASEN,,m11_m12_m1,5,2007,,
CHL,CASEN,,m11_m12_m1,5,2008,,
CHL,CASEN,,m11_m12_m1,5,2009,,
CHL,CASEN,,m11_m12_m1,5,2010,,
CHL,CASEN,,m11_m12_m1,5,2011,1.0,
CHL,CASEN,,m11_m12_m1,5,2012,,
CHL,CASEN,,m11_m12_m1,5,2013,1.0,
CHL,CASEN,,m11_m12_m1,5,2014,,
CHL,CASEN,,m11_m12_m1,5,2015,1.0,
CHL,CASEN,,m11_m12_m1,5,2016,,
CHL,CASEN,,m11_m12_m1,5,2017,1.0,
CHL,CASEN,,m11_m12_m1,5,2018,,
CHL,CASEN,,m11_m12_m1,5,2019,,
CHL,CASEN,,m11_m12_m1,5,2020,1.0,
CHL,CASEN,,m11_m12_m1,5,2021,,
CHL,CASEN,,m11_m12_m1,5,2022,1.0,Davidv2
COL,ENH-FT,,m9,12,1986,,
COL,ENH-FT,,m9,12,1989,1.0,
COL,ENH-FT,,m9,12,1990,1.0,
COL,ENH-FT,,m9,12,1991,1.0,
COL,ENH-FT,,m9,12,1992,1.0,
COL,ENH-FT,,m9,12,1993,1.0,
COL,ENH-FT,,m9,12,1994,1.0,
COL,ENH-FT,,m9,12,1995,1.0,
COL,ENH-FT,,m9,12,1996,1.0,
COL,ENH-FT,,m9,12,1997,1.0,
COL,ENH-FT,,m9,12,1998,1.0,
COL,ENH-FT,,m9,12,1999,1.0,
COL,ENH-FT,,m9,12,2000,1.0,
COL,ENH-FT,,m9,12,2001,,
COL,ENH-FT,,m9,12,2002,,
COL,ENH-FT,,m9,12,2003,,
COL,ENH-FT,,m9,12,2004,,
COL,ENH-FT,,m9,12,2005,,
COL,ENH-FT,,m9,12,2006,,
COL,ENH-FT,,m9,12,2007,,
COL,ENH-FT,,m9,12,2008,,
COL,ENH-FT,,m9,12,2009,,
COL,ENH-FT,,m9,12,2010,,
COL,ENH-FT,,m9,12,2011,,
COL,ENH-FT,,m9,12,2012,,
COL,ENH-FT,,m9,12,2013,,
COL,ENH-FT,,m9,12,2014,,
COL,ENH-FT,,m9,12,2015,,
COL,ENH-FT,,m9,12,2016,,
COL,ENH-FT,,m9,12,2017,,
COL,ENH-FT,,m9,12,2018,,
COL,ENH-FT,,m9,12,2019,,
COL,ENH-FT,,m9,12,2020,,
COL,ENH-FT,,m9,12,2021,,
COL,ENH-FT,,m9,12,2022,,
COL,ECH,public,t3,5,1986,,
COL,ECH,public,t3,5,1989,,
COL,ECH,public,t3,5,1990,,
COL,ECH,public,t3,5,1991,,
COL,ECH,public,t3,5,1992,,
COL,ECH,public,t3,5,1993,,
COL,ECH,public,t3,5,1994,,
COL,ECH,public,t3,5,1995,,
COL,ECH,public,t3,5,1996,,
COL,ECH,public,t3,5,1997,,
COL,ECH,public,t3,5,1998,,
COL,ECH,public,t3,5,1999,,
COL,ECH,public,t3,5,2000,,
COL,ECH,,t3,5,2001,1.0,
COL,ECH,,t3,5,2002,1.0,
COL,ECH,,t3,5,2003,1.0,
COL,ECH,,t3,5,2004,1.0,
COL,ECH,,t3,5,2005,1.0,
COL,ECH,public,t3,5,2006,,
COL,ECH,public,t3,5,2007,,
COL,ECH,public,t3,5,2008,,
COL,ECH,public,t3,5,2009,,
COL,ECH,public,t3,5,2010,,
COL,ECH,public,t3,5,2011,,
COL,ECH,public,t3,5,2012,,
COL,ECH,public,t3,5,2013,,
COL,ECH,public,t3,5,2014,,
COL,ECH,public,t3,5,2015,,
COL,ECH,public,t3,5,2016,,
COL,ECH,public,t3,5,2017,,
COL,ECH,public,t3,5,2018,,
COL,ECH,public,t3,5,2019,,
COL,ECH,public,t3,5,2020,,
COL,ECH,public,t3,5,2021,,
COL,ECH,public,t3,5,2022,,
COL,GEIH,public,t3,15,1986,,
COL,GEIH,public,t3,15,1989,,
COL,GEIH,public,t3,15,1990,,
COL,GEIH,public,t3,15,1991,,
COL,GEIH,public,t3,15,1992,,
COL,GEIH,public,t3,15,1993,,
COL,GEIH,public,t3,15,1994,,
COL,GEIH,public,t3,15,1995,,
COL,GEIH,public,t3,15,1996,,
COL,GEIH,public,t3,15,1997,,
COL,GEIH,public,t3,15,1998,,
COL,GEIH,public,t3,15,1999,,
COL,GEIH,public,t3,15,2000,,
COL,GEIH,public,t3,15,2001,,
COL,GEIH,public,t3,15,2002,,
COL,GEIH,public,t3,15,2003,,
COL,GEIH,public,t3,15,2004,,
COL,GEIH,public,t3,15,2005,,
COL,GEIH,,t3,15,2006,1.0,
COL,GEIH,,t3,15,2007,1.0,
COL,GEIH,,t3,15,2008,1.0,
COL,GEIH,,t3,15,2009,1.0,
COL,GEIH,,t3,15,2010,1.0,
COL,GEIH,,t3,15,2011,1.0,
COL,GEIH,,t3,15,2012,1.0,
COL,GEIH,,t3,15,2013,1.0,
COL,GEIH,,t3,15,2014,1.0,
COL,GEIH,,t3,15,2015,1.0,
COL,GEIH,,t3,15,2016,1.0,
COL,GEIH,,t3,15,2017,1.0,
COL,GEIH,,t3,15,2018,1.0,
COL,GEIH,,t3,15,2019,1.0,
COL,GEIH,public,t3,15,2020,,
COL,GEIH,,t4,1,2020,1.0,
COL,GEIH,,t3,15,2021,1.0,
COL,GEIH,,t3,15,2022,1.0,
COL,GEIH,public,t4,1,1986,,
COL,GEIH,public,t4,1,1989,,
COL,GEIH,public,t4,1,1990,,
COL,GEIH,public,t4,1,1991,,
COL,GEIH,public,t4,1,1992,,
COL,GEIH,public,t4,1,1993,,
COL,GEIH,public,t4,1,1994,,
COL,GEIH,public,t4,1,1995,,
COL,GEIH,public,t4,1,1996,,
COL,GEIH,public,t4,1,1997,,
COL,GEIH,public,t4,1,1998,,
COL,GEIH,public,t4,1,1999,,
COL,GEIH,public,t4,1,2000,,
COL,GEIH,public,t4,1,2001,,
COL,GEIH,public,t4,1,2002,,
COL,GEIH,public,t4,1,2003,,
COL,GEIH,public,t4,1,2004,,
COL,GEIH,public,t4,1,2005,,
COL,GEIH,public,t4,1,2006,,
COL,GEIH,public,t4,1,2007,,
COL,GEIH,public,t4,1,2008,,
COL,GEIH,public,t4,1,2009,,
COL,GEIH,public,t4,1,2010,,
COL,GEIH,public,t4,1,2011,,
COL,GEIH,public,t4,1,2012,,
COL,GEIH,public,t4,1,2013,,
COL,GEIH,public,t4,1,2014,,
COL,GEIH,public,t4,1,2015,,
COL,GEIH,public,t4,1,2016,,
COL,GEIH,public,t4,1,2017,,
COL,GEIH,public,t4,1,2018,,
COL,GEIH,public,t4,1,2019,,
COL,GEIH,,t3,15,2023,1.0,
COL,GEIH,,t3,15,2024,1.0,Davidv2
COL,GEIH,public,t4,1,2021,,
COL,GEIH,public,t4,1,2022,,
CRI,EHPM,public,m7,20,1986,,
CRI,EHPM,public,m7,20,1989,,
CRI,EHPM,,m7,20,1990,1.0,
CRI,EHPM,,m7,20,1991,1.0,
CRI,EHPM,,m7,20,1992,1.0,
CRI,EHPM,,m7,20,1993,1.0,
CRI,EHPM,,m7,20,1994,1.0,
CRI,EHPM,,m7,20,1995,1.0,
CRI,EHPM,,m7,20,1996,1.0,
CRI,EHPM,,m7,20,1997,1.0,
CRI,EHPM,,m7,20,1998,1.0,
CRI,EHPM,,m7,20,1999,1.0,
CRI,EHPM,,m7,20,2000,1.0,
CRI,EHPM,,m7,20,2001,1.0,
CRI,EHPM,,m7,20,2002,1.0,
CRI,EHPM,,m7,20,2003,1.0,
CRI,EHPM,,m7,20,2004,1.0,
CRI,EHPM,,m7,20,2005,1.0,
CRI,EHPM,,m7,20,2006,1.0,
CRI,EHPM,,m7,20,2007,1.0,
CRI,EHPM,,m7,20,2008,1.0,
CRI,EHPM,,m7,20,2009,1.0,
CRI,EHPM,public,m7,20,2010,,
CRI,EHPM,public,m7,20,2011,,
CRI,EHPM,public,m7,20,2012,,
CRI,EHPM,public,m7,20,2013,,
CRI,EHPM,public,m7,20,2014,,
CRI,EHPM,public,m7,20,2015,,
CRI,EHPM,public,m7,20,2016,,
CRI,EHPM,public,m7,20,2017,,
CRI,EHPM,public,m7,20,2018,,
CRI,EHPM,public,m7,20,2019,,
CRI,EHPM,public,m7,20,2020,,
CRI,EHPM,public,m7,20,2021,,
CRI,EHPM,public,m7,20,2022,,
CRI,ENAHO,public,m7,12,1986,,
CRI,ENAHO,public,m7,12,1989,,
CRI,ENAHO,public,m7,12,1990,,
CRI,ENAHO,public,m7,12,1991,,
CRI,ENAHO,public,m7,12,1992,,
CRI,ENAHO,public,m7,12,1993,,
CRI,ENAHO,public,m7,12,1994,,
CRI,ENAHO,public,m7,12,1995,,
CRI,ENAHO,public,m7,12,1996,,
CRI,ENAHO,public,m7,12,1997,,
CRI,ENAHO,public,m7,12,1998,,
CRI,ENAHO,public,m7,12,1999,,
CRI,ENAHO,public,m7,12,2000,,
CRI,ENAHO,public,m7,12,2001,,
CRI,ENAHO,public,m7,12,2002,,
CRI,ENAHO,public,m7,12,2003,,
CRI,ENAHO,public,m7,12,2004,,
CRI,ENAHO,public,m7,12,2005,,
CRI,ENAHO,public,m7,12,2006,,
CRI,ENAHO,public,m7,12,2007,,
CRI,ENAHO,public,m7,12,2008,,
CRI,ENAHO,public,m7,12,2009,,
CRI,ENAHO,,m7,12,2010,1.0,
CRI,ENAHO,,m7,12,2011,1.0,
CRI,ENAHO,,m7,12,2012,1.0,
CRI,ENAHO,,m7,12,2013,1.0,
CRI,ENAHO,,m7,12,2014,1.0,
CRI,ENAHO,,m7,12,2015,1.0,
CRI,ENAHO,,m7,12,2016,1.0,
CRI,ENAHO,,m7,12,2017,1.0,
CRI,ENAHO,,m7,12,2018,1.0,
CRI,ENAHO,,m7,12,2019,1.0,
CRI,ENAHO,,m7,12,2020,1.0,
CRI,ENAHO,,m7,12,2021,1.0,
CRI,ENAHO,,m7,12,2022,1.0,
DOM,ENFT,restricted,m6,1,1986,,
DOM,ENFT,restricted,m6,1,1989,,
DOM,ENFT,restricted,m6,1,1990,,
DOM,ENFT,restricted,m6,1,1991,,
DOM,ENFT,restricted,m6,1,1992,,
DOM,ENFT,restricted,m6,1,1993,,
DOM,ENFT,restricted,m6,1,1994,,
CRI,ENAHO,,m7,12,2023,1.0,
CRI,ENAHO,,m7,12,2024,1.0,Davidv2
DOM,ENFT,restricted,m6,1,1996,,
DOM,ENFT,restricted,m6,1,1997,,
DOM,ENFT,restricted,m6,1,1998,,
DOM,ENFT,restricted,m6,1,1999,,
DOM,ENFT,restricted,m6,1,2000,,
DOM,ENFT,restricted,m6,1,2001,,
DOM,ENFT,restricted,m6,1,2002,,
DOM,ENFT,restricted,m6,1,2003,,
DOM,ENFT,restricted,m6,1,2004,,
DOM,ENFT,restricted,m6,1,2005,,
DOM,ENFT,restricted,m6,1,2006,,
DOM,ENFT,restricted,m6,1,2007,,
DOM,ENFT,restricted,m6,1,2008,,
DOM,ENFT,restricted,m6,1,2009,,
DOM,ENFT,restricted,m6,1,2010,,
DOM,ENFT,restricted,m6,1,2011,,
DOM,ENFT,restricted,m6,1,2012,,
DOM,ENFT,restricted,m6,1,2013,,
DOM,ENFT,restricted,m6,1,2014,,
DOM,ENFT,restricted,m6,1,2015,,
DOM,ENFT,restricted,m6,1,2016,,
DOM,ENFT,restricted,m6,1,2017,,
DOM,ENFT,restricted,m6,1,2018,,
DOM,ENFT,restricted,m6,1,2019,,
DOM,ENFT,restricted,m6,1,2020,,
DOM,ENFT,restricted,m6,1,2021,,
DOM,ENFT,restricted,m6,1,2022,,
DOM,ENFT,restricted,m2,1,1986,,
DOM,ENFT,restricted,m2,1,1989,,
DOM,ENFT,restricted,m2,1,1990,,
DOM,ENFT,restricted,m2,1,1991,,
DOM,ENFT,restricted,m2,1,1992,,
DOM,ENFT,restricted,m2,1,1993,,
DOM,ENFT,restricted,m2,1,1994,,
DOM,ENFT,restricted,m2,1,1995,,
DOM,ENFT,,m6,1,1995,1.0,
DOM,ENFT,restricted,m2,1,1997,,
DOM,ENFT,restricted,m2,1,1998,,
DOM,ENFT,restricted,m2,1,1999,,
DOM,ENFT,restricted,m2,1,2000,,
DOM,ENFT,restricted,m2,1,2001,,
DOM,ENFT,restricted,m2,1,2002,,
DOM,ENFT,restricted,m2,1,2003,,
DOM,ENFT,restricted,m2,1,2004,,
DOM,ENFT,restricted,m2,1,2005,,
DOM,ENFT,restricted,m2,1,2006,,
DOM,ENFT,restricted,m2,1,2007,,
DOM,ENFT,restricted,m2,1,2008,,
DOM,ENFT,restricted,m2,1,2009,,
DOM,ENFT,restricted,m2,1,2010,,
DOM,ENFT,restricted,m2,1,2011,,
DOM,ENFT,restricted,m2,1,2012,,
DOM,ENFT,restricted,m2,1,2013,,
DOM,ENFT,restricted,m2,1,2014,,
DOM,ENFT,restricted,m2,1,2015,,
DOM,ENFT,restricted,m2,1,2016,,
DOM,ENFT,restricted,m2,1,2017,,
DOM,ENFT,restricted,m2,1,2018,,
DOM,ENFT,restricted,m2,1,2019,,
DOM,ENFT,restricted,m2,1,2020,,
DOM,ENFT,restricted,m2,1,2021,,
DOM,ENFT,restricted,m2,1,2022,,
DOM,ENFT,restricted,m4,1,1986,,
DOM,ENFT,restricted,m4,1,1989,,
DOM,ENFT,restricted,m4,1,1990,,
DOM,ENFT,restricted,m4,1,1991,,
DOM,ENFT,restricted,m4,1,1992,,
DOM,ENFT,restricted,m4,1,1993,,
DOM,ENFT,restricted,m4,1,1994,,
DOM,ENFT,restricted,m4,1,1995,,
DOM,ENFT,restricted,m4,1,1996,,
DOM,ENFT,,m2,1,1996,1.0,
DOM,ENFT,restricted,m4,1,1998,,
DOM,ENFT,restricted,m4,1,1999,,
DOM,ENFT,restricted,m4,1,2000,,
DOM,ENFT,restricted,m4,1,2001,,
DOM,ENFT,restricted,m4,1,2002,,
DOM,ENFT,restricted,m4,1,2003,,
DOM,ENFT,restricted,m4,1,2004,,
DOM,ENFT,restricted,m4,1,2005,,
DOM,ENFT,restricted,m4,1,2006,,
DOM,ENFT,restricted,m4,1,2007,,
DOM,ENFT,restricted,m4,1,2008,,
DOM,ENFT,restricted,m4,1,2009,,
DOM,ENFT,restricted,m4,1,2010,,
DOM,ENFT,restricted,m4,1,2011,,
DOM,ENFT,restricted,m4,1,2012,,
DOM,ENFT,restricted,m4,1,2013,,
DOM,ENFT,restricted,m4,1,2014,,
DOM,ENFT,restricted,m4,1,2015,,
DOM,ENFT,restricted,m4,1,2016,,
DOM,ENFT,restricted,m4,1,2017,,
DOM,ENFT,restricted,m4,1,2018,,
DOM,ENFT,restricted,m4,1,2019,,
DOM,ENFT,restricted,m4,1,2020,,
DOM,ENFT,restricted,m4,1,2021,,
DOM,ENFT,restricted,m4,1,2022,,
DOM,ENFT,restricted,m10,17,1986,,
DOM,ENFT,restricted,m10,17,1989,,
DOM,ENFT,restricted,m10,17,1990,,
DOM,ENFT,restricted,m10,17,1991,,
DOM,ENFT,restricted,m10,17,1992,,
DOM,ENFT,restricted,m10,17,1993,,
DOM,ENFT,restricted,m10,17,1994,,
DOM,ENFT,restricted,m10,17,1995,,
DOM,ENFT,restricted,m10,17,1996,,
DOM,ENFT,restricted,m10,17,1997,,
DOM,ENFT,restricted,m10,17,1998,,
DOM,ENFT,restricted,m10,17,1999,,
DOM,ENFT,,m4,1,1997,1.0,
DOM,ENFT,,m10,17,2000,1.0,
DOM,ENFT,,m10,17,2001,1.0,
DOM,ENFT,,m10,17,2002,1.0,
DOM,ENFT,,m10,17,2003,1.0,
DOM,ENFT,,m10,17,2004,1.0,
DOM,ENFT,,m10,17,2005,1.0,
DOM,ENFT,,m10,17,2006,1.0,
DOM,ENFT,,m10,17,2007,1.0,
DOM,ENFT,,m10,17,2008,1.0,
DOM,ENFT,,m10,17,2009,1.0,
DOM,ENFT,,m10,17,2010,1.0,
DOM,ENFT,,m10,17,2011,1.0,
DOM,ENFT,,m10,17,2012,1.0,
DOM,ENFT,,m10,17,2013,1.0,
DOM,ENFT,,m10,17,2014,1.0,
DOM,ENFT,,m10,17,2015,1.0,
DOM,ENFT,restricted,m10,17,2017,,
DOM,ENFT,restricted,m10,17,2018,,
DOM,ENFT,restricted,m10,17,2019,,
DOM,ENFT,restricted,m10,17,2020,,
DOM,ENFT,restricted,m10,17,2021,,
DOM,ENFT,restricted,m10,17,2022,,
DOM,ENCFT,restricted,t4,5,1986,,
DOM,ENCFT,restricted,t4,5,1989,,
DOM,ENCFT,restricted,t4,5,1990,,
DOM,ENCFT,restricted,t4,5,1991,,
DOM,ENCFT,restricted,t4,5,1992,,
DOM,ENCFT,restricted,t4,5,1993,,
DOM,ENCFT,restricted,t4,5,1994,,
DOM,ENCFT,restricted,t4,5,1995,,
DOM,ENCFT,restricted,t4,5,1996,,
DOM,ENCFT,restricted,t4,5,1997,,
DOM,ENCFT,restricted,t4,5,1998,,
DOM,ENCFT,restricted,t4,5,1999,,
DOM,ENCFT,restricted,t4,5,2000,,
DOM,ENCFT,restricted,t4,5,2001,,
DOM,ENCFT,restricted,t4,5,2002,,
DOM,ENCFT,restricted,t4,5,2003,,
DOM,ENCFT,restricted,t4,5,2004,,
DOM,ENCFT,restricted,t4,5,2005,,
DOM,ENCFT,restricted,t4,5,2006,,
DOM,ENCFT,restricted,t4,5,2007,,
DOM,ENCFT,restricted,t4,5,2008,,
DOM,ENCFT,restricted,t4,5,2009,,
DOM,ENCFT,restricted,t4,5,2010,,
DOM,ENCFT,restricted,t4,5,2011,,
DOM,ENCFT,restricted,t4,5,2012,,
DOM,ENCFT,restricted,t4,5,2013,,
DOM,ENCFT,restricted,t4,5,2014,,
DOM,ENCFT,restricted,t4,5,2015,,
DOM,ENCFT,restricted,t4,5,2016,,
DOM,ENFT,,m10,17,2016,1.0,
DOM,ENCFT,,t4,5,2017,1.0,
DOM,ENCFT,,t4,5,2018,1.0,
DOM,ENCFT,,t4,5,2019,1.0,
DOM,ENCFT,,t4,5,2020,1.0,
DOM,ENCFT,,t4,5,2021,1.0,
DOM,ENCFT,,t4,5,2022,1.0,
DOM,ENCFT,,t4,5,2023,1.0,
DOM,ENCFT,restricted,t4,5,2022,,
ECU,ENEMDU,,m11,12,1986,,
ECU,ENEMDU,,m11,12,1989,,
DOM,ENCFT,,t4,5,2024,1.0,Davidv2
ECU,ENEMDU,,m11,12,1990,1.0,
ECU,ENEMDU,,m11,12,1991,1.0,
ECU,ENEMDU,,m11,12,1992,1.0,
ECU,ENEMDU,,m11,12,1993,1.0,
ECU,ENEMDU,,m11,12,1994,1.0,
ECU,ENEMDU,,m11,12,1995,1.0,
ECU,ENEMDU,,m11,12,1996,1.0,
ECU,ENEMDU,,m11,12,1997,1.0,
ECU,ENEMDU,,m11,12,1998,1.0,
ECU,ENEMDU,,m11,12,1999,1.0,
ECU,ENEMDU,,m11,12,2001,,
ECU,ENEMDU,,m11,12,2000,1.0,
ECU,ENEMDU,,m11,12,2003,,
ECU,ENEMDU,,m11,12,2004,,
ECU,ENEMDU,,m11,12,2005,,
ECU,ENEMDU,,m11,12,2006,,
ECU,ENEMDU,,m11,12,2007,,
ECU,ENEMDU,,m11,12,2008,,
ECU,ENEMDU,,m11,12,2009,,
ECU,ENEMDU,,m11,12,2010,,
ECU,ENEMDU,,m11,12,2011,,
ECU,ENEMDU,,m11,12,2012,,
ECU,ENEMDU,,m11,12,2013,,
ECU,ENEMDU,,m11,12,2014,,
ECU,ENEMDU,,m11,12,2015,,
ECU,ENEMDU,,m11,12,2016,,
ECU,ENEMDU,,m11,12,2017,,
ECU,ENEMDU,,m11,12,2018,,
ECU,ENEMDU,,m11,12,2019,,
ECU,ENEMDU,,m11,12,2020,,
ECU,ENEMDU,,m11,12,2021,,
ECU,ENEMDU,,m11,12,2022,,
ECU,ENEMDU,,m12,20,1986,,
ECU,ENEMDU,,m12,20,1989,,
ECU,ENEMDU,,m12,20,1990,,
ECU,ENEMDU,,m12,20,1991,,
ECU,ENEMDU,,m12,20,1992,,
ECU,ENEMDU,,m12,20,1993,,
ECU,ENEMDU,,m12,20,1994,,
ECU,ENEMDU,,m12,20,1995,,
ECU,ENEMDU,,m12,20,1996,,
ECU,ENEMDU,,m12,20,1997,,
ECU,ENEMDU,,m12,20,1998,,
ECU,ENEMDU,,m12,20,1999,,
ECU,ENEMDU,,m12,20,2000,,
ECU,ENEMDU,,m12,20,2001,1.0,
ECU,ENEMDU,,m12,20,2002,,
ECU,ENEMDU,,m11,12,2002,1.0,
ECU,ENEMDU,,m12,20,2003,1.0,
ECU,ENEMDU,,m12,20,2004,1.0,
ECU,ENEMDU,,m12,20,2005,1.0,
ECU,ENEMDU,,m12,20,2006,1.0,
ECU,ENEMDU,,m12,20,2007,1.0,
ECU,ENEMDU,,m12,20,2008,1.0,
ECU,ENEMDU,,m12,20,2009,1.0,
ECU,ENEMDU,,m12,20,2010,1.0,
ECU,ENEMDU,,m12,20,2011,1.0,
ECU,ENEMDU,,m12,20,2012,1.0,
ECU,ENEMDU,,m12,20,2013,1.0,
ECU,ENEMDU,,m12,20,2014,1.0,
ECU,ENEMDU,,m12,20,2015,1.0,
ECU,ENEMDU,,m12,20,2016,1.0,
ECU,ENEMDU,,m12,20,2017,1.0,
ECU,ENEMDU,,m12,20,2018,1.0,
ECU,ENEMDU,,m12,20,2019,1.0,
ECU,ENEMDU,,m12,20,2020,1.0,
ECU,ENEMDU,,m12,20,2021,1.0,
ECU,ENEMDU,,m12,20,2022,1.0,
ECU,ENEMDU,,m12,20,2023,1.0,
GTM,ENCOVI,,m7_m11,2,1986,,
GTM,ENCOVI,,m7_m11,2,1989,,
GTM,ENCOVI,,m7_m11,2,1990,,
GTM,ENCOVI,,m7_m11,2,1991,,
GTM,ENCOVI,,m7_m11,2,1992,,
GTM,ENCOVI,,m7_m11,2,1993,,
GTM,ENCOVI,,m7_m11,2,1994,,
GTM,ENCOVI,,m7_m11,2,1995,,
GTM,ENCOVI,,m7_m11,2,1996,,
GTM,ENCOVI,,m7_m11,2,1997,,
GTM,ENCOVI,,m7_m11,2,1998,,
GTM,ENCOVI,,m7_m11,2,1999,,
ECU,ENEMDU,,m12,20,2024,1.0,Davidv2
GTM,ENCOVI,,m7_m11,2,2001,,
GTM,ENCOVI,,m7_m11,2,2002,,
GTM,ENCOVI,,m7_m11,2,2003,,
GTM,ENCOVI,,m7_m11,2,2004,,
GTM,ENCOVI,,m7_m11,2,2005,,
GTM,ENCOVI,,m7_m11,2,2000,1.0,David
GTM,ENCOVI,,m7_m11,2,2007,,
GTM,ENCOVI,,m7_m11,2,2008,,
GTM,ENCOVI,,m7_m11,2,2009,,
GTM,ENCOVI,,m7_m11,2,2010,,
GTM,ENCOVI,,m7_m11,2,2011,,
GTM,ENCOVI,,m7_m11,2,2012,,
GTM,ENCOVI,,m7_m11,2,2013,,
GTM,ENCOVI,,m7_m11,2,2014,,
GTM,ENCOVI,,m7_m11,2,2015,,
GTM,ENCOVI,,m7_m11,2,2016,,
GTM,ENCOVI,,m7_m11,2,2017,,
GTM,ENCOVI,,m7_m11,2,2018,,
GTM,ENCOVI,,m7_m11,2,2019,,
GTM,ENCOVI,,m7_m11,2,2020,,
GTM,ENCOVI,,m7_m11,2,2021,,
GTM,ENCOVI,,m7_m11,2,2022,,
GTM,ENEI,,m10_m11,1,1986,,
GTM,ENEI,,m10_m11,1,1989,,
GTM,ENEI,,m10_m11,1,1990,,
GTM,ENEI,,m10_m11,1,1991,,
GTM,ENEI,,m10_m11,1,1992,,
GTM,ENEI,,m10_m11,1,1993,,
GTM,ENEI,,m10_m11,1,1994,,
GTM,ENEI,,m10_m11,1,1995,,
GTM,ENEI,,m10_m11,1,1996,,
GTM,ENEI,,m10_m11,1,1997,,
GTM,ENEI,,m10_m11,1,1998,,
GTM,ENEI,,m10_m11,1,1999,,
GTM,ENEI,,m10_m11,1,2000,,
GTM,ENEI,,m10_m11,1,2001,,
GTM,ENEI,,m10_m11,1,2002,1.0,
GTM,ENEI,,m10_m11,1,2003,,
GTM,ENEI,,m10_m11,1,2004,,
GTM,ENEI,,m10_m11,1,2005,,
GTM,ENEI,,m10_m11,1,2006,,
GTM,ENEI,,m10_m11,1,2007,,
GTM,ENEI,,m10_m11,1,2008,,
GTM,ENEI,,m10_m11,1,2009,,
GTM,ENEI,,m10_m11,1,2010,,
GTM,ENEI,,m10_m11,1,2011,,
GTM,ENEI,,m10_m11,1,2012,,
GTM,ENEI,,m10_m11,1,2013,,
GTM,ENEI,,m10_m11,1,2014,,
GTM,ENEI,,m10_m11,1,2015,,
GTM,ENEI,,m10_m11,1,2016,,
GTM,ENEI,,m10_m11,1,2017,,
GTM,ENEI,,m10_m11,1,2018,,
GTM,ENEI,,m10_m11,1,2019,,
GTM,ENEI,,m10_m11,1,2020,,
GTM,ENEI,,m10_m11,1,2021,,
GTM,ENEI,,m10_m11,1,2022,,
GTM,ENEI,,m2_m3,1,1986,,
GTM,ENEI,,m2_m3,1,1989,,
GTM,ENEI,,m2_m3,1,1990,,
GTM,ENEI,,m2_m3,1,1991,,
GTM,ENEI,,m2_m3,1,1992,,
GTM,ENEI,,m2_m3,1,1993,,
GTM,ENEI,,m2_m3,1,1994,,
GTM,ENEI,,m2_m3,1,1995,,
GTM,ENEI,,m2_m3,1,1996,,
GTM,ENEI,,m2_m3,1,1997,,
GTM,ENEI,,m2_m3,1,1998,,
GTM,ENEI,,m2_m3,1,1999,,
GTM,ENEI,,m2_m3,1,2000,,
GTM,ENEI,,m2_m3,1,2001,,
GTM,ENEI,,m2_m3,1,2002,,
GTM,ENEI,,m2_m3,1,2003,1.0,
GTM,ENEI,,m2_m3,1,2004,,
GTM,ENEI,,m2_m3,1,2005,,
GTM,ENEI,,m2_m3,1,2006,,
GTM,ENEI,,m2_m3,1,2007,,
GTM,ENEI,,m2_m3,1,2008,,
GTM,ENEI,,m2_m3,1,2009,,
GTM,ENEI,,m2_m3,1,2010,,
GTM,ENEI,,m2_m3,1,2011,,
GTM,ENEI,,m2_m3,1,2012,,
GTM,ENEI,,m2_m3,1,2013,,
GTM,ENEI,,m2_m3,1,2014,,
GTM,ENEI,,m2_m3,1,2015,,
GTM,ENEI,,m2_m3,1,2016,,
GTM,ENEI,,m2_m3,1,2017,,
GTM,ENEI,,m2_m3,1,2018,,
GTM,ENEI,,m2_m3,1,2019,,
GTM,ENEI,,m2_m3,1,2020,,
GTM,ENEI,,m2_m3,1,2021,,
GTM,ENEI,,m2_m3,1,2022,,
GTM,ENEI,,m9_m11,1,1986,,
GTM,ENEI,,m9_m11,1,1989,,
GTM,ENEI,,m9_m11,1,1990,,
GTM,ENEI,,m9_m11,1,1991,,
GTM,ENEI,,m9_m11,1,1992,,
GTM,ENEI,,m9_m11,1,1993,,
GTM,ENEI,,m9_m11,1,1994,,
GTM,ENEI,,m9_m11,1,1995,,
GTM,ENEI,,m9_m11,1,1996,,
GTM,ENEI,,m9_m11,1,1997,,
GTM,ENEI,,m9_m11,1,1998,,
GTM,ENEI,,m9_m11,1,1999,,
GTM,ENEI,,m9_m11,1,2000,,
GTM,ENEI,,m9_m11,1,2001,,
GTM,ENEI,,m9_m11,1,2002,,
GTM,ENEI,,m9_m11,1,2003,,
GTM,ENEI,,m9_m11,1,2004,1.0,
GTM,ENEI,,m9_m11,1,2005,,
GTM,ENEI,,m9_m11,1,2006,,
GTM,ENEI,,m9_m11,1,2007,,
GTM,ENEI,,m9_m11,1,2008,,
GTM,ENEI,,m9_m11,1,2009,,
GTM,ENEI,,m9_m11,1,2010,,
GTM,ENEI,,m9_m11,1,2011,,
GTM,ENEI,,m9_m11,1,2012,,
GTM,ENEI,,m9_m11,1,2013,,
GTM,ENEI,,m9_m11,1,2014,,
GTM,ENEI,,m9_m11,1,2015,,
GTM,ENEI,,m9_m11,1,2016,,
GTM,ENEI,,m9_m11,1,2017,,
GTM,ENEI,,m9_m11,1,2018,,
GTM,ENEI,,m9_m11,1,2019,,
GTM,ENEI,,m9_m11,1,2020,,
GTM,ENEI,,m9_m11,1,2021,,
GTM,ENEI,,m9_m11,1,2022,,
GTM,ENEI,,m10,7,1986,,
GTM,ENEI,,m10,7,1989,,
GTM,ENEI,,m10,7,1990,,
GTM,ENEI,,m10,7,1991,,
GTM,ENEI,,m10,7,1992,,
GTM,ENEI,,m10,7,1993,,
GTM,ENEI,,m10,7,1994,,
GTM,ENEI,,m10,7,1995,,
GTM,ENEI,,m10,7,1996,,
GTM,ENEI,,m10,7,1997,,
GTM,ENEI,,m10,7,1998,,
GTM,ENEI,,m10,7,1999,,
GTM,ENEI,,m10,7,2000,,
GTM,ENEI,,m10,7,2001,,
GTM,ENEI,,m10,7,2002,,
GTM,ENEI,,m10,7,2003,,
GTM,ENEI,,m10,7,2004,,
GTM,ENEI,,m10,7,2005,,
GTM,ENEI,,m10,7,2006,,
GTM,ENEI,,m10,7,2007,,
GTM,ENEI,,m10,7,2008,,
GTM,ENEI,,m10,7,2009,,
GTM,ENCOVI,,m7_m11,2,2006,1.0,
GTM,ENEI,,m10,7,2011,,
GTM,ENEI,,m10,7,2012,,
GTM,ENEI,,m10,7,2010,1.0,
GTM,ENEI,,m6_m7,2,2011,1.0,
GTM,ENEI,,m6_m7,2,2012,1.0,
GTM,ENEI,,m10,7,2013,1.0,
GTM,ENEI,,m10,7,2014,1.0,
GTM,ENEI,,m10,7,2018,,
GTM,ENEI,,m10,7,2019,,
GTM,ENEI,,m10,7,2020,,
GTM,ENEI,,m10,7,2015,1.0,
GTM,ENEI,,m10,7,2016,1.0,
GTM,ENEI,,m6_m7,2,1986,,
GTM,ENEI,,m6_m7,2,1989,,
GTM,ENEI,,m6_m7,2,1990,,
GTM,ENEI,,m6_m7,2,1991,,
GTM,ENEI,,m6_m7,2,1992,,
GTM,ENEI,,m6_m7,2,1993,,
GTM,ENEI,,m6_m7,2,1994,,
GTM,ENEI,,m6_m7,2,1995,,
GTM,ENEI,,m6_m7,2,1996,,
GTM,ENEI,,m6_m7,2,1997,,
GTM,ENEI,,m6_m7,2,1998,,
GTM,ENEI,,m6_m7,2,1999,,
GTM,ENEI,,m6_m7,2,2000,,
GTM,ENEI,,m6_m7,2,2001,,
GTM,ENEI,,m6_m7,2,2002,,
GTM,ENEI,,m6_m7,2,2003,,
GTM,ENEI,,m6_m7,2,2004,,
GTM,ENEI,,m6_m7,2,2005,,
GTM,ENEI,,m6_m7,2,2006,,
GTM,ENEI,,m6_m7,2,2007,,
GTM,ENEI,,m6_m7,2,2008,,
GTM,ENEI,,m6_m7,2,2009,,
GTM,ENEI,,m6_m7,2,2010,,
GTM,ENEI,,m10,7,2017,1.0,
GTM,ENEI,,m6,2,2018,1.0,
GTM,ENEI,,m6,2,2019,1.0,
GTM,ENEI,,m10,7,2021,1.0,
GTM,ENEI,,m6_m7,2,2013,,
GTM,ENEI,,m6_m7,2,2014,,
GTM,ENEI,,m6_m7,2,2015,,
GTM,ENEI,,m6_m7,2,2016,,
GTM,ENEI,,m6_m7,2,2017,,
GTM,ENEI,,m6_m7,2,2018,,
GTM,ENEI,,m6_m7,2,2019,,
GTM,ENEI,,m6_m7,2,2020,,
GTM,ENEI,,m6_m7,2,2021,,
GTM,ENEI,,m6_m7,2,2022,,
GTM,ENEI,,m6,2,1986,,
GTM,ENEI,,m6,2,1989,,
GTM,ENEI,,m6,2,1990,,
GTM,ENEI,,m6,2,1991,,
GTM,ENEI,,m6,2,1992,,
GTM,ENEI,,m6,2,1993,,
GTM,ENEI,,m6,2,1994,,
GTM,ENEI,,m6,2,1995,,
GTM,ENEI,,m6,2,1996,,
GTM,ENEI,,m6,2,1997,,
GTM,ENEI,,m6,2,1998,,
GTM,ENEI,,m6,2,1999,,
GTM,ENEI,,m6,2,2000,,
GTM,ENEI,,m6,2,2001,,
GTM,ENEI,,m6,2,2002,,
GTM,ENEI,,m6,2,2003,,
GTM,ENEI,,m6,2,2004,,
GTM,ENEI,,m6,2,2005,,
GTM,ENEI,,m6,2,2006,,
GTM,ENEI,,m6,2,2007,,
GTM,ENEI,,m6,2,2008,,
GTM,ENEI,,m6,2,2009,,
GTM,ENEI,,m6,2,2010,,
GTM,ENEI,,m6,2,2011,,
GTM,ENEI,,m6,2,2012,,
GTM,ENEI,,m6,2,2013,,
GTM,ENEI,,m6,2,2014,,
GTM,ENEI,,m6,2,2015,,
GTM,ENEI,,m6,2,2016,,
GTM,ENEI,,m6,2,2017,,
GTM,ENEI,,m11,7,2022,1.0,
GTM,ENEI,,m6,2,2020,,
GTM,ENEI,,m6,2,2021,,
GTM,ENEI,,m6,2,2022,,
GTM,ENCOVI,,m8_m12,8,2023,1.0,
GTM,ENEIC,,t1,7,2024,1.0,Davidv2
GUY,LFS,,t4,4,2017,1.0,
GUY,LFS,,t4,4,2018,1.0,
GUY,LFS,,t4,4,2019,1.0,
HND,EPHPM,,m9,13,1992,,
HND,EPHPM,,m9,13,1993,,
HND,EPHPM,,m9,13,1994,,
HND,EPHPM,,m9,13,1995,,
GUY,LFS,,t3,4,2021,1.0,Davidv2
HND,EPHPM,,m9,13,1986,1.0,
HND,EPHPM,,m9,13,1989,1.0,
HND,EPHPM,,m9,13,1990,1.0,
HND,EPHPM,,m9,13,2000,,
HND,EPHPM,,m9,13,1991,1.0,
HND,EPHPM,,m3,2,1992,1.0,
HND,EPHPM,,m10,4,1993,1.0,
HND,EPHPM,,m9,13,2004,,
HND,EPHPM,,m9,13,2005,,
HND,EPHPM,,m10,4,1994,1.0,
HND,EPHPM,,m10,4,1995,1.0,
HND,EPHPM,,m9,13,2008,,
HND,EPHPM,,m9,13,2009,,
HND,EPHPM,,m9,13,2010,,
HND,EPHPM,,m9,13,2011,,
HND,EPHPM,,m9,13,2012,,
HND,EPHPM,,m9,13,2013,,
HND,EPHPM,,m9,13,2014,,
HND,EPHPM,,m9,13,2015,,
HND,EPHPM,,m9,13,2016,,
HND,EPHPM,,m9,13,2017,,
HND,EPHPM,,m9,13,2018,,
HND,EPHPM,,m9,13,2019,,
HND,EPHPM,,m9,13,2020,,
HND,EPHPM,,m9,13,2021,,
HND,EPHPM,,m9,13,2022,,
HND,EPHPM,,m3,2,1986,,
HND,EPHPM,,m3,2,1989,,
HND,EPHPM,,m3,2,1990,,
HND,EPHPM,,m3,2,1991,,
HND,EPHPM,,m9,13,1996,1.0,
HND,EPHPM,,m3,2,1993,,
HND,EPHPM,,m3,2,1994,,
HND,EPHPM,,m3,2,1995,,
HND,EPHPM,,m3,2,1996,,
HND,EPHPM,,m3,2,1997,,
HND,EPHPM,,m3,2,1998,,
HND,EPHPM,,m3,2,1999,,
HND,EPHPM,,m3,2,2000,,
HND,EPHPM,,m3,2,2001,,
HND,EPHPM,,m3,2,2002,,
HND,EPHPM,,m3,2,2003,,
HND,EPHPM,,m9,13,1997,1.0,
HND,EPHPM,,m3,2,2005,,
HND,EPHPM,,m3,2,2006,,
HND,EPHPM,,m3,2,2007,,
HND,EPHPM,,m3,2,2008,,
HND,EPHPM,,m3,2,2009,,
HND,EPHPM,,m3,2,2010,,
HND,EPHPM,,m3,2,2011,,
HND,EPHPM,,m3,2,2012,,
HND,EPHPM,,m3,2,2013,,
HND,EPHPM,,m3,2,2014,,
HND,EPHPM,,m3,2,2015,,
HND,EPHPM,,m3,2,2016,,
HND,EPHPM,,m3,2,2017,,
HND,EPHPM,,m3,2,2018,,
HND,EPHPM,,m3,2,2019,,
HND,EPHPM,,m3,2,2020,,
HND,EPHPM,,m3,2,2021,,
HND,EPHPM,,m3,2,2022,,
HND,EPHPM,,m10,4,1986,,
HND,EPHPM,,m10,4,1989,,
HND,EPHPM,,m10,4,1990,,
HND,EPHPM,,m10,4,1991,,
HND,EPHPM,,m10,4,1992,,
HND,EPHPM,,m9,13,1998,1.0,
HND,EPHPM,,m9,13,1999,1.0,
HND,EPHPM,,m9,13,2001,1.0,
HND,EPHPM,,m10,4,1996,,
HND,EPHPM,,m10,4,1997,,
HND,EPHPM,,m10,4,1998,,
HND,EPHPM,,m10,4,1999,,
HND,EPHPM,,m10,4,2000,,
HND,EPHPM,,m10,4,2001,,
HND,EPHPM,,m10,4,2002,,
HND,EPHPM,,m10,4,2003,,
HND,EPHPM,,m10,4,2004,,
HND,EPHPM,,m9,13,2002,1.0,
HND,EPHPM,,m10,4,2006,,
HND,EPHPM,,m10,4,2007,,
HND,EPHPM,,m10,4,2008,,
HND,EPHPM,,m10,4,2009,,
HND,EPHPM,,m10,4,2010,,
HND,EPHPM,,m10,4,2011,,
HND,EPHPM,,m10,4,2012,,
HND,EPHPM,,m10,4,2013,,
HND,EPHPM,,m10,4,2014,,
HND,EPHPM,,m10,4,2015,,
HND,EPHPM,,m10,4,2016,,
HND,EPHPM,,m10,4,2017,,
HND,EPHPM,,m10,4,2018,,
HND,EPHPM,,m10,4,2019,,
HND,EPHPM,,m10,4,2020,,
HND,EPHPM,,m10,4,2021,,
HND,EPHPM,,m10,4,2022,,
HND,EPHPM,,m5,6,1986,,
HND,EPHPM,,m5,6,1989,,
HND,EPHPM,,m5,6,1990,,
HND,EPHPM,,m5,6,1991,,
HND,EPHPM,,m5,6,1992,,
HND,EPHPM,,m5,6,1993,,
HND,EPHPM,,m5,6,1994,,
HND,EPHPM,,m5,6,1995,,
HND,EPHPM,,m5,6,1996,,
HND,EPHPM,,m5,6,1997,,
HND,EPHPM,,m5,6,1998,,
HND,EPHPM,,m5,6,1999,,
HND,EPHPM,,m5,6,2000,,
HND,EPHPM,,m5,6,2001,,
HND,EPHPM,,m5,6,2002,,
HND,EPHPM,,m5,6,2003,,
HND,EPHPM,,m5,6,2004,,
HND,EPHPM,,m5,6,2005,,
HND,EPHPM,,m5,6,2006,,
HND,EPHPM,,m5,6,2007,,
HND,EPHPM,,m9,13,2003,1.0,
HND,EPHPM,,m3,2,2004,1.0,
HND,EPHPM,,m10,4,2005,1.0,
HND,EPHPM,,m9,13,2006,1.0,
HND,EPHPM,,m9,13,2007,1.0,
HND,EPHPM,,m5,6,2008,1.0,
HND,EPHPM,,m5,6,2014,,
HND,EPHPM,,m5,6,2015,,
HND,EPHPM,,m5,6,2016,,
HND,EPHPM,,m5,6,2017,,
HND,EPHPM,,m5,6,2018,,
HND,EPHPM,,m5,6,2019,,
HND,EPHPM,,m5,6,2020,,
HND,EPHPM,,m5,6,2021,,
HND,EPHPM,,m5,6,2022,,
HND,EPHPM,,m6,6,1986,,
HND,EPHPM,,m6,6,1989,,
HND,EPHPM,,m6,6,1990,,
HND,EPHPM,,m6,6,1991,,
HND,EPHPM,,m6,6,1992,,
HND,EPHPM,,m6,6,1993,,
HND,EPHPM,,m6,6,1994,,
HND,EPHPM,,m6,6,1995,,
HND,EPHPM,,m6,6,1996,,
HND,EPHPM,,m6,6,1997,,
HND,EPHPM,,m6,6,1998,,
HND,EPHPM,,m6,6,1999,,
HND,EPHPM,,m6,6,2000,,
HND,EPHPM,,m6,6,2001,,
HND,EPHPM,,m6,6,2002,,
HND,EPHPM,,m6,6,2003,,
HND,EPHPM,,m6,6,2004,,
HND,EPHPM,,m6,6,2005,,
HND,EPHPM,,m6,6,2006,,
HND,EPHPM,,m6,6,2007,,
HND,EPHPM,,m6,6,2008,,
HND,EPHPM,,m6,6,2009,,
HND,EPHPM,,m6,6,2010,,
HND,EPHPM,,m6,6,2011,,
HND,EPHPM,,m6,6,2012,,
HND,EPHPM,,m6,6,2013,,
HND,EPHPM,,m5,6,2009,1.0,
HND,EPHPM,,m5,6,2010,1.0,
HND,EPHPM,,m5,6,2011,1.0,
HND,EPHPM,,m5,6,2012,1.0,
HND,EPHPM,,m5,6,2013,1.0,
HND,EPHPM,,m6,6,2014,1.0,
HND,EPHPM,,m6,6,2020,,
HND,EPHPM,,m6,6,2021,,
HND,EPHPM,,m6,6,2015,1.0,
HND,EPHPM,,m6,6,2016,1.0,
HND,EPHPM,,m6,6,2017,1.0,
HTI,ECVMAS,,m8_m12,1,1986,,
HTI,ECVMAS,,m8_m12,1,1989,,
HTI,ECVMAS,,m8_m12,1,1990,,
HTI,ECVMAS,,m8_m12,1,1991,,
HTI,ECVMAS,,m8_m12,1,1992,,
HTI,ECVMAS,,m8_m12,1,1993,,
HTI,ECVMAS,,m8_m12,1,1994,,
HTI,ECVMAS,,m8_m12,1,1995,,
HTI,ECVMAS,,m8_m12,1,1996,,
HTI,ECVMAS,,m8_m12,1,1997,,
HTI,ECVMAS,,m8_m12,1,1998,,
HTI,ECVMAS,,m8_m12,1,1999,,
HTI,ECVMAS,,m8_m12,1,2000,,
HTI,ECVMAS,,m8_m12,1,2001,,
HTI,ECVMAS,,m8_m12,1,2002,,
HTI,ECVMAS,,m8_m12,1,2003,,
HTI,ECVMAS,,m8_m12,1,2004,,
HTI,ECVMAS,,m8_m12,1,2005,,
HTI,ECVMAS,,m8_m12,1,2006,,
HTI,ECVMAS,,m8_m12,1,2007,,
HTI,ECVMAS,,m8_m12,1,2008,,
HTI,ECVMAS,,m8_m12,1,2009,,
HTI,ECVMAS,,m8_m12,1,2010,,
HTI,ECVMAS,,m8_m12,1,2011,,
HND,EPHPM,,m6,6,2018,1.0,
HTI,ECVMAS,,m8_m12,1,2013,,
HTI,ECVMAS,,m8_m12,1,2014,,
HTI,ECVMAS,,m8_m12,1,2015,,
HTI,ECVMAS,,m8_m12,1,2016,,
HTI,ECVMAS,,m8_m12,1,2017,,
HTI,ECVMAS,,m8_m12,1,2018,,
HTI,ECVMAS,,m8_m12,1,2019,,
HTI,ECVMAS,,m8_m12,1,2020,,
HTI,ECVMAS,,m8_m12,1,2021,,
HTI,ECVMAS,,m8_m12,1,2022,,
JAM,LFS,restricted,m4,27,1986,,
JAM,LFS,restricted,m4,27,1989,,
HND,EPHPM,,m6,6,2019,1.0,
HND,EPHPM,,m6,6,2021,1.0,
HND,EPHPM,,m6,6,2022,1.0,
HND,EPHPM,,m6,6,2023,1.0,
HND,EPHPM,,m6,6,2024,1.0,Davidv2
HTI,ECVMAS,,m8_m12,1,2012,1.0,
JAM,LFS,,m4,27,1990,1.0,
JAM,LFS,,m4,27,1991,1.0,
JAM,LFS,,m4,27,1992,1.0,
JAM,LFS,,m4,27,1993,1.0,
JAM,LFS,,m4,27,1994,1.0,
JAM,LFS,,m4,27,1995,1.0,
JAM,LFS,,m4,27,1996,1.0,
JAM,LFS,,m4,27,1997,1.0,
JAM,LFS,,m4,27,1998,1.0,
JAM,LFS,,m4,27,1999,1.0,
JAM,LFS,,m4,27,2000,1.0,
JAM,LFS,,m4,27,2001,1.0,
JAM,LFS,,m4,27,2002,1.0,
JAM,LFS,,m4,27,2003,1.0,
JAM,LFS,restricted,m4,27,2011,,
JAM,LFS,,m4,27,2004,1.0,
JAM,LFS,,m4,27,2005,1.0,
JAM,LFS,,m4,27,2006,1.0,
JAM,LFS,restricted,m4,27,2015,,
JAM,LFS,,m4,27,2007,1.0,
JAM,LFS,restricted,m4,27,2017,,
JAM,LFS,restricted,m4,27,2018,,
JAM,LFS,,m4,27,2008,1.0,
JAM,LFS,,m4,27,2009,1.0,
JAM,LFS,restricted,m4,27,2021,,
JAM,LFS,restricted,m4,27,2022,,
MEX,ENIGH,,m8_m11,1,1986,,
MEX,ENIGH,,m8_m11,1,1989,,
MEX,ENIGH,,m8_m11,1,1990,,
MEX,ENIGH,,m8_m11,1,1991,,
JAM,LFS,,m4,27,2010,1.0,
MEX,ENIGH,,m8_m11,1,1993,,
MEX,ENIGH,,m8_m11,1,1994,,
MEX,ENIGH,,m8_m11,1,1995,,
MEX,ENIGH,,m8_m11,1,1996,,
MEX,ENIGH,,m8_m11,1,1997,,
MEX,ENIGH,,m8_m11,1,1998,,
MEX,ENIGH,,m8_m11,1,1999,,
MEX,ENIGH,,m8_m11,1,2000,,
MEX,ENIGH,,m8_m11,1,2001,,
MEX,ENIGH,,m8_m11,1,2002,,
MEX,ENIGH,,m8_m11,1,2003,,
MEX,ENIGH,,m8_m11,1,2004,,
MEX,ENIGH,,m8_m11,1,2005,,
MEX,ENIGH,,m8_m11,1,2006,,
MEX,ENIGH,,m8_m11,1,2007,,
MEX,ENIGH,,m8_m11,1,2008,,
MEX,ENIGH,,m8_m11,1,2009,,
MEX,ENIGH,,m8_m11,1,2010,,
MEX,ENIGH,,m8_m11,1,2011,,
MEX,ENIGH,,m8_m11,1,2012,,
MEX,ENIGH,,m8_m11,1,2013,,
MEX,ENIGH,,m8_m11,1,2014,,
MEX,ENIGH,,m8_m11,1,2015,,
MEX,ENIGH,,m8_m11,1,2016,,
MEX,ENIGH,,m8_m11,1,2017,,
MEX,ENIGH,,m8_m11,1,2018,,
MEX,ENIGH,,m8_m11,1,2019,,
MEX,ENIGH,,m8_m11,1,2020,,
MEX,ENIGH,,m8_m11,1,2021,,
MEX,ENIGH,,m8_m11,1,2022,,
MEX,ENIGH,,m8_m9,1,1986,,
MEX,ENIGH,,m8_m9,1,1989,,
MEX,ENIGH,,m8_m9,1,1990,,
MEX,ENIGH,,m8_m9,1,1991,,
MEX,ENIGH,,m8_m9,1,1992,,
MEX,ENIGH,,m8_m9,1,1993,,
JAM,LFS,,m4,27,2012,1.0,
MEX,ENIGH,,m8_m9,1,1995,,
MEX,ENIGH,,m8_m9,1,1996,,
MEX,ENIGH,,m8_m9,1,1997,,
MEX,ENIGH,,m8_m9,1,1998,,
MEX,ENIGH,,m8_m9,1,1999,,
MEX,ENIGH,,m8_m9,1,2000,,
MEX,ENIGH,,m8_m9,1,2001,,
MEX,ENIGH,,m8_m9,1,2002,,
MEX,ENIGH,,m8_m9,1,2003,,
MEX,ENIGH,,m8_m9,1,2004,,
MEX,ENIGH,,m8_m9,1,2005,,
MEX,ENIGH,,m8_m9,1,2006,,
MEX,ENIGH,,m8_m9,1,2007,,
MEX,ENIGH,,m8_m9,1,2008,,
MEX,ENIGH,,m8_m9,1,2009,,
MEX,ENIGH,,m8_m9,1,2010,,
MEX,ENIGH,,m8_m9,1,2011,,
MEX,ENIGH,,m8_m9,1,2012,,
MEX,ENIGH,,m8_m9,1,2013,,
MEX,ENIGH,,m8_m9,1,2014,,
MEX,ENIGH,,m8_m9,1,2015,,
MEX,ENIGH,,m8_m9,1,2016,,
MEX,ENIGH,,m8_m9,1,2017,,
MEX,ENIGH,,m8_m9,1,2018,,
MEX,ENIGH,,m8_m9,1,2019,,
MEX,ENIGH,,m8_m9,1,2020,,
MEX,ENIGH,,m8_m9,1,2021,,
MEX,ENIGH,,m8_m9,1,2022,,
MEX,ENIGH,,m7_m10,0,1986,,
MEX,ENIGH,,m7_m10,0,1989,,
MEX,ENIGH,,m7_m10,0,1990,,
MEX,ENIGH,,m7_m10,0,1991,,
MEX,ENIGH,,m7_m10,0,1992,,
MEX,ENIGH,,m7_m10,0,1993,,
MEX,ENIGH,,m7_m10,0,1994,,
MEX,ENIGH,,m7_m10,0,1995,,
MEX,ENIGH,,m7_m10,0,1996,,
MEX,ENIGH,,m7_m10,0,1997,,
MEX,ENIGH,,m7_m10,0,1998,,
MEX,ENIGH,,m7_m10,0,1999,,
MEX,ENIGH,,m7_m10,0,2000,,
MEX,ENIGH,,m7_m10,0,2001,,
MEX,ENIGH,,m7_m10,0,2002,,
MEX,ENIGH,,m7_m10,0,2003,,
MEX,ENIGH,,m7_m10,0,2004,,
MEX,ENIGH,,m7_m10,0,2005,,
MEX,ENIGH,,m7_m10,0,2006,,
MEX,ENIGH,,m7_m10,0,2007,,
MEX,ENIGH,,m7_m10,0,2008,,
MEX,ENIGH,,m7_m10,0,2009,,
MEX,ENIGH,,m7_m10,0,2010,,
MEX,ENIGH,,m7_m10,0,2011,,
MEX,ENIGH,,m7_m10,0,2012,,
MEX,ENIGH,,m7_m10,0,2013,,
MEX,ENIGH,,m7_m10,0,2014,,
MEX,ENIGH,,m7_m10,0,2015,,
MEX,ENIGH,,m7_m10,0,2016,,
MEX,ENIGH,,m7_m10,0,2017,,
MEX,ENIGH,,m7_m10,0,2018,,
MEX,ENIGH,,m7_m10,0,2019,,
MEX,ENIGH,,m7_m10,0,2020,,
MEX,ENIGH,,m7_m10,0,2021,,
MEX,ENIGH,,m7_m10,0,2022,,
MEX,ENIGH,,m8_m12,14,1986,,
MEX,ENIGH,,m8_m12,14,1989,,
MEX,ENIGH,,m8_m12,14,1990,,
MEX,ENIGH,,m8_m12,14,1991,,
MEX,ENIGH,,m8_m12,14,1992,,
MEX,ENIGH,,m8_m12,14,1993,,
MEX,ENIGH,,m8_m12,14,1994,,
MEX,ENIGH,,m8_m12,14,1995,,
JAM,LFS,,m4,27,2013,1.0,
MEX,ENIGH,,m8_m12,14,1997,,
JAM,LFS,,m4,27,2014,1.0,
MEX,ENIGH,,m8_m12,14,1999,,
JAM,LFS,,m1,27,2016,1.0,
MEX,ENIGH,,m8_m12,14,2001,,
JAM,LFS,,m4,27,2019,1.0,
MEX,ENIGH,,m8_m12,14,2003,,
JAM,LFS,,m1,27,2020,1.0,
MEX,ENIGH,,m8_m11,1,1992,1.0,
MEX,ENIGH,,m8_m9,1,1994,1.0,
MEX,ENIGH,,m8_m12,14,2007,,
MEX,ENIGH,,m8_m12,14,1996,1.0,
MEX,ENIGH,,m8_m12,14,2009,,
MEX,ENIGH,,m8_m12,14,1998,1.0,
MEX,ENIGH,,m8_m12,14,2011,,
MEX,ENIGH,,m8_m11,14,2000,1.0,
MEX,ENIGH,,m8_m12,14,2013,,
MEX,ENIGH,,m8_m11,14,2002,1.0,
MEX,ENIGH,,m8_m12,14,2015,,
MEX,ENIGH,,m8_m11,14,2004,1.0,
MEX,ENIGH,,m8_m12,14,2017,,
MEX,ENIGH,,m8_m11,14,2005,1.0,
MEX,ENIGH,,m8_m12,14,2019,,
MEX,ENIGH,,m8_m11,14,2006,1.0,
MEX,ENIGH,,m8_m12,14,2021,,
MEX,ENIGH,,m8_m11,14,2008,1.0,
NIC,EMNV,restricted,m2_m6,4,1986,,
NIC,EMNV,restricted,m2_m6,4,1989,,
NIC,EMNV,restricted,m2_m6,4,1990,,
NIC,EMNV,restricted,m2_m6,4,1991,,
NIC,EMNV,restricted,m2_m6,4,1992,,
MEX,ENIGH,,m8_m11,14,2010,1.0,
NIC,EMNV,restricted,m2_m6,4,1994,,
NIC,EMNV,restricted,m2_m6,4,1995,,
NIC,EMNV,restricted,m2_m6,4,1996,,
NIC,EMNV,restricted,m2_m6,4,1997,,
MEX,ENIGH,,m8_m12,14,2012,1.0,
MEX,ENIGH,,m8_m12,14,2014,1.0,
NIC,EMNV,restricted,m2_m6,4,2000,,
MEX,ENIGH,,m8_m12,14,2016,1.0,
NIC,EMNV,restricted,m2_m6,4,2002,,
NIC,EMNV,restricted,m2_m6,4,2003,,
NIC,EMNV,restricted,m2_m6,4,2004,,
NIC,EMNV,restricted,m2_m6,4,2005,,
NIC,EMNV,restricted,m2_m6,4,2006,,
NIC,EMNV,restricted,m2_m6,4,2007,,
NIC,EMNV,restricted,m2_m6,4,2008,,
NIC,EMNV,restricted,m2_m6,4,2009,,
NIC,EMNV,restricted,m2_m6,4,2010,,
NIC,EMNV,restricted,m2_m6,4,2011,,
NIC,EMNV,restricted,m2_m6,4,2012,,
NIC,EMNV,restricted,m2_m6,4,2013,,
NIC,EMNV,restricted,m2_m6,4,2014,,
NIC,EMNV,restricted,m2_m6,4,2015,,
NIC,EMNV,restricted,m2_m6,4,2016,,
NIC,EMNV,restricted,m2_m6,4,2017,,
NIC,EMNV,restricted,m2_m6,4,2018,,
NIC,EMNV,restricted,m2_m6,4,2019,,
NIC,EMNV,restricted,m2_m6,4,2020,,
NIC,EMNV,restricted,m2_m6,4,2021,,
NIC,EMNV,restricted,m2_m6,4,2022,,
NIC,EMNV,restricted,m7_m10,2,1986,,
NIC,EMNV,restricted,m7_m10,2,1989,,
NIC,EMNV,restricted,m7_m10,2,1990,,
NIC,EMNV,restricted,m7_m10,2,1991,,
NIC,EMNV,restricted,m7_m10,2,1992,,
NIC,EMNV,restricted,m7_m10,2,1993,,
NIC,EMNV,restricted,m7_m10,2,1994,,
NIC,EMNV,restricted,m7_m10,2,1995,,
NIC,EMNV,restricted,m7_m10,2,1996,,
NIC,EMNV,restricted,m7_m10,2,1997,,
NIC,EMNV,restricted,m7_m10,2,1998,,
NIC,EMNV,restricted,m7_m10,2,1999,,
NIC,EMNV,restricted,m7_m10,2,2000,,
NIC,EMNV,restricted,m7_m10,2,2001,,
NIC,EMNV,restricted,m7_m10,2,2002,,
NIC,EMNV,restricted,m7_m10,2,2003,,
NIC,EMNV,restricted,m7_m10,2,2004,,
MEX,ENIGH,,m8_m12,14,2018,1.0,
NIC,EMNV,restricted,m7_m10,2,2006,,
NIC,EMNV,restricted,m7_m10,2,2007,,
NIC,EMNV,restricted,m7_m10,2,2008,,
MEX,ENIGH,,m8_m12,14,2020,1.0,
NIC,EMNV,restricted,m7_m10,2,2010,,
NIC,EMNV,restricted,m7_m10,2,2011,,
NIC,EMNV,restricted,m7_m10,2,2012,,
NIC,EMNV,restricted,m7_m10,2,2013,,
NIC,EMNV,restricted,m7_m10,2,2014,,
NIC,EMNV,restricted,m7_m10,2,2015,,
NIC,EMNV,restricted,m7_m10,2,2016,,
NIC,EMNV,restricted,m7_m10,2,2017,,
NIC,EMNV,restricted,m7_m10,2,2018,,
NIC,EMNV,restricted,m7_m10,2,2019,,
NIC,EMNV,restricted,m7_m10,2,2020,,
NIC,EMNV,restricted,m7_m10,2,2021,,
NIC,EMNV,restricted,m7_m10,2,2022,,
NIC,ECH,restricted,m7_m9,3,1986,,
NIC,ECH,restricted,m7_m9,3,1989,,
NIC,ECH,restricted,m7_m9,3,1990,,
NIC,ECH,restricted,m7_m9,3,1991,,
NIC,ECH,restricted,m7_m9,3,1992,,
NIC,ECH,restricted,m7_m9,3,1993,,
NIC,ECH,restricted,m7_m9,3,1994,,
NIC,ECH,restricted,m7_m9,3,1995,,
NIC,ECH,restricted,m7_m9,3,1996,,
NIC,ECH,restricted,m7_m9,3,1997,,
NIC,ECH,restricted,m7_m9,3,1998,,
NIC,ECH,restricted,m7_m9,3,1999,,
NIC,ECH,restricted,m7_m9,3,2000,,
NIC,ECH,restricted,m7_m9,3,2001,,
NIC,ECH,restricted,m7_m9,3,2002,,
NIC,ECH,restricted,m7_m9,3,2003,,
NIC,ECH,restricted,m7_m9,3,2004,,
NIC,ECH,restricted,m7_m9,3,2005,,
NIC,ECH,restricted,m7_m9,3,2006,,
NIC,ECH,restricted,m7_m9,3,2007,,
NIC,ECH,restricted,m7_m9,3,2008,,
NIC,ECH,restricted,m7_m9,3,2009,,
MEX,ENIGH,,m8_m12,14,2022,1.0,
MEX,ENIGH,,m8_m12,14,2024,1.0,Davidv2
NIC,EMNV,,m2_m6,4,1993,1.0,
NIC,EMNV,,m2_m6,4,1998,1.0,
NIC,ECH,restricted,m7_m9,3,2013,,
NIC,ECH,restricted,m7_m9,3,2014,,
NIC,ECH,restricted,m7_m9,3,2015,,
NIC,ECH,restricted,m7_m9,3,2016,,
NIC,ECH,restricted,m7_m9,3,2017,,
NIC,ECH,restricted,m7_m9,3,2018,,
NIC,ECH,restricted,m7_m9,3,2019,,
NIC,ECH,restricted,m7_m9,3,2020,,
NIC,ECH,restricted,m7_m9,3,2021,,
NIC,ECH,restricted,m7_m9,3,2022,,
NIC,EMNV,restricted,m9_m12,1,1986,,
NIC,EMNV,restricted,m9_m12,1,1989,,
NIC,EMNV,restricted,m9_m12,1,1990,,
NIC,EMNV,restricted,m9_m12,1,1991,,
NIC,EMNV,restricted,m9_m12,1,1992,,
NIC,EMNV,restricted,m9_m12,1,1993,,
NIC,EMNV,restricted,m9_m12,1,1994,,
NIC,EMNV,restricted,m9_m12,1,1995,,
NIC,EMNV,restricted,m9_m12,1,1996,,
NIC,EMNV,restricted,m9_m12,1,1997,,
NIC,EMNV,restricted,m9_m12,1,1998,,
NIC,EMNV,restricted,m9_m12,1,1999,,
NIC,EMNV,restricted,m9_m12,1,2000,,
NIC,EMNV,restricted,m9_m12,1,2001,,
NIC,EMNV,restricted,m9_m12,1,2002,,
NIC,EMNV,restricted,m9_m12,1,2003,,
NIC,EMNV,restricted,m9_m12,1,2004,,
NIC,EMNV,restricted,m9_m12,1,2005,,
NIC,EMNV,restricted,m9_m12,1,2006,,
NIC,EMNV,restricted,m9_m12,1,2007,,
NIC,EMNV,restricted,m9_m12,1,2008,,
NIC,EMNV,restricted,m9_m12,1,2009,,
NIC,EMNV,restricted,m9_m12,1,2010,,
NIC,EMNV,restricted,m9_m12,1,2011,,
NIC,EMNV,restricted,m9_m12,1,2012,,
NIC,EMNV,restricted,m9_m12,1,2013,,
NIC,EMNV,,m2_m6,4,1999,1.0,
NIC,EMNV,restricted,m9_m12,1,2015,,
NIC,EMNV,restricted,m9_m12,1,2016,,
NIC,EMNV,restricted,m9_m12,1,2017,,
NIC,EMNV,restricted,m9_m12,1,2018,,
NIC,EMNV,restricted,m9_m12,1,2019,,
NIC,EMNV,restricted,m9_m12,1,2020,,
NIC,EMNV,restricted,m9_m12,1,2021,,
NIC,EMNV,restricted,m9_m12,1,2022,,
PAN,EH,restricted,m8,17,1986,,
PAN,EH,restricted,m8,17,1989,,
PAN,EH,restricted,m8,17,1990,,
NIC,EMNV,,m2_m6,4,2001,1.0,
PAN,EH,restricted,m8,17,1992,,
PAN,EH,restricted,m8,17,1993,,
PAN,EH,restricted,m8,17,1994,,
NIC,EMNV,,m7_m10,2,2005,1.0,
NIC,EMNV,,m7_m10,2,2009,1.0,
NIC,ECH,,m7_m9,3,2010,1.0,
NIC,ECH,,m7_m9,3,2011,1.0,
NIC,ECH,,m7_m9,3,2012,1.0,
NIC,EMNV,,m9_m12,1,2014,1.0,
PAN,EH,,m8,17,1991,1.0,
PAN,EH,,m8,17,1995,1.0,
PAN,EH,,m8,17,1996,1.0,
PAN,EH,,m8,17,1997,1.0,
PAN,EH,,m8,17,1998,1.0,
PAN,EH,,m8,17,1999,1.0,
PAN,EH,,m8,17,2000,1.0,David
PAN,EH,,m8,17,2001,1.0,
PAN,EH,,m8,17,2002,1.0,
PAN,EH,,m8,17,2003,1.0,
PAN,EH,restricted,m8,17,2011,,
PAN,EH,restricted,m8,17,2012,,
PAN,EH,restricted,m8,17,2013,,
PAN,EH,restricted,m8,17,2014,,
PAN,EH,restricted,m8,17,2015,,
PAN,EH,restricted,m8,17,2016,,
PAN,EH,restricted,m8,17,2017,,
PAN,EH,restricted,m8,17,2018,,
PAN,EH,restricted,m8,17,2019,,
PAN,EH,restricted,m8,17,2020,,
PAN,EH,restricted,m8,17,2021,,
PAN,EH,restricted,m8,17,2022,,
PAN,EHPM,restricted,m3,9,1986,,
PAN,EHPM,restricted,m3,9,1989,,
PAN,EHPM,restricted,m3,9,1990,,
PAN,EHPM,restricted,m3,9,1991,,
PAN,EHPM,restricted,m3,9,1992,,
PAN,EHPM,restricted,m3,9,1993,,
PAN,EHPM,restricted,m3,9,1994,,
PAN,EHPM,restricted,m3,9,1995,,
PAN,EHPM,restricted,m3,9,1996,,
PAN,EHPM,restricted,m3,9,1997,,
PAN,EHPM,restricted,m3,9,1998,,
PAN,EHPM,restricted,m3,9,1999,,
PAN,EHPM,restricted,m3,9,2000,,
PAN,EHPM,restricted,m3,9,2001,,
PAN,EHPM,restricted,m3,9,2002,,
PAN,EHPM,restricted,m3,9,2003,,
PAN,EHPM,restricted,m3,9,2004,,
PAN,EHPM,restricted,m3,9,2005,,
PAN,EHPM,restricted,m3,9,2006,,
PAN,EHPM,restricted,m3,9,2007,,
PAN,EHPM,restricted,m3,9,2008,,
PAN,EHPM,restricted,m3,9,2009,,
PAN,EHPM,restricted,m3,9,2010,,
PAN,EH,,m8,17,2004,1.0,
PAN,EH,,m8,17,2005,1.0,
PAN,EH,,m8,17,2006,1.0,
PAN,EH,,m8,17,2007,1.0,
PAN,EH,,m8,17,2008,1.0,
PAN,EH,,m8,17,2009,1.0,
PAN,EH,,m8,17,2010,1.0,
PAN,EHPM,,m3,9,2011,1.0,
PAN,EHPM,,m3,9,2012,1.0,
PAN,EHPM,restricted,m3,9,2020,,
PAN,EHPM,restricted,m3,9,2021,,
PAN,EHPM,,m3,9,2013,1.0,
PAN,EHPM,,m3,9,2014,1.0,
PRY,EHM,,m6_m8,1,1986,,
PRY,EHM,,m6_m8,1,1989,,
PAN,EHPM,,m3,9,2015,1.0,
PRY,EHM,,m6_m8,1,1991,,
PRY,EHM,,m6_m8,1,1992,,
PRY,EHM,,m6_m8,1,1993,,
PRY,EHM,,m6_m8,1,1994,,
PRY,EHM,,m6_m8,1,1995,,
PRY,EHM,,m6_m8,1,1996,,
PRY,EHM,,m6_m8,1,1997,,
PRY,EHM,,m6_m8,1,1998,,
PRY,EHM,,m6_m8,1,1999,,
PRY,EHM,,m6_m8,1,2000,,
PRY,EHM,,m6_m8,1,2001,,
PRY,EHM,,m6_m8,1,2002,,
PRY,EHM,,m6_m8,1,2003,,
PRY,EHM,,m6_m8,1,2004,,
PRY,EHM,,m6_m8,1,2005,,
PRY,EHM,,m6_m8,1,2006,,
PRY,EHM,,m6_m8,1,2007,,
PRY,EHM,,m6_m8,1,2008,,
PRY,EHM,,m6_m8,1,2009,,
PRY,EHM,,m6_m8,1,2010,,
PRY,EHM,,m6_m8,1,2011,,
PRY,EHM,,m6_m8,1,2012,,
PRY,EHM,,m6_m8,1,2013,,
PRY,EHM,,m6_m8,1,2014,,
PRY,EHM,,m6_m8,1,2015,,
PRY,EHM,,m6_m8,1,2016,,
PRY,EHM,,m6_m8,1,2017,,
PRY,EHM,,m6_m8,1,2018,,
PRY,EHM,,m6_m8,1,2019,,
PRY,EHM,,m6_m8,1,2020,,
PRY,EHM,,m6_m8,1,2021,,
PRY,EHM,,m6_m8,1,2022,,
PRY,EHM,,m10_m11,1,1986,,
PRY,EHM,,m10_m11,1,1989,,
PRY,EHM,,m10_m11,1,1990,,
PAN,EHPM,,m3,9,2016,1.0,
PRY,EHM,,m10_m11,1,1992,,
PRY,EHM,,m10_m11,1,1993,,
PRY,EHM,,m10_m11,1,1994,,
PRY,EHM,,m10_m11,1,1995,,
PRY,EHM,,m10_m11,1,1996,,
PRY,EHM,,m10_m11,1,1997,,
PRY,EHM,,m10_m11,1,1998,,
PRY,EHM,,m10_m11,1,1999,,
PRY,EHM,,m10_m11,1,2000,,
PRY,EHM,,m10_m11,1,2001,,
PRY,EHM,,m10_m11,1,2002,,
PRY,EHM,,m10_m11,1,2003,,
PRY,EHM,,m10_m11,1,2004,,
PRY,EHM,,m10_m11,1,2005,,
PRY,EHM,,m10_m11,1,2006,,
PRY,EHM,,m10_m11,1,2007,,
PRY,EHM,,m10_m11,1,2008,,
PRY,EHM,,m10_m11,1,2009,,
PRY,EHM,,m10_m11,1,2010,,
PRY,EHM,,m10_m11,1,2011,,
PRY,EHM,,m10_m11,1,2012,,
PRY,EHM,,m10_m11,1,2013,,
PRY,EHM,,m10_m11,1,2014,,
PRY,EHM,,m10_m11,1,2015,,
PRY,EHM,,m10_m11,1,2016,,
PRY,EHM,,m10_m11,1,2017,,
PRY,EHM,,m10_m11,1,2018,,
PRY,EHM,,m10_m11,1,2019,,
PRY,EHM,,m10_m11,1,2020,,
PRY,EHM,,m10_m11,1,2021,,
PRY,EHM,,m10_m11,1,2022,,
PRY,EHM,,m11_m12,1,1986,,
PRY,EHM,,m11_m12,1,1989,,
PRY,EHM,,m11_m12,1,1990,,
PRY,EHM,,m11_m12,1,1991,,
PAN,EHPM,,m3,9,2017,1.0,
PRY,EHM,,m11_m12,1,1993,,
PRY,EHM,,m11_m12,1,1994,,
PRY,EHM,,m11_m12,1,1995,,
PRY,EHM,,m11_m12,1,1996,,
PRY,EHM,,m11_m12,1,1997,,
PRY,EHM,,m11_m12,1,1998,,
PRY,EHM,,m11_m12,1,1999,,
PRY,EHM,,m11_m12,1,2000,,
PRY,EHM,,m11_m12,1,2001,,
PRY,EHM,,m11_m12,1,2002,,
PRY,EHM,,m11_m12,1,2003,,
PRY,EHM,,m11_m12,1,2004,,
PRY,EHM,,m11_m12,1,2005,,
PRY,EHM,,m11_m12,1,2006,,
PRY,EHM,,m11_m12,1,2007,,
PRY,EHM,,m11_m12,1,2008,,
PRY,EHM,,m11_m12,1,2009,,
PRY,EHM,,m11_m12,1,2010,,
PRY,EHM,,m11_m12,1,2011,,
PRY,EHM,,m11_m12,1,2012,,
PRY,EHM,,m11_m12,1,2013,,
PRY,EHM,,m11_m12,1,2014,,
PRY,EHM,,m11_m12,1,2015,,
PRY,EHM,,m11_m12,1,2016,,
PRY,EHM,,m11_m12,1,2017,,
PRY,EHM,,m11_m12,1,2018,,
PRY,EHM,,m11_m12,1,2019,,
PRY,EHM,,m11_m12,1,2020,,
PRY,EHM,,m11_m12,1,2021,,
PRY,EHM,,m11_m12,1,2022,,
PRY,EHM,,m9_m10,1,1986,,
PRY,EHM,,m9_m10,1,1989,,
PRY,EHM,,m9_m10,1,1990,,
PRY,EHM,,m9_m10,1,1991,,
PRY,EHM,,m9_m10,1,1992,,
PAN,EHPM,,m3,9,2018,1.0,
PRY,EHM,,m9_m10,1,1994,,
PRY,EHM,,m9_m10,1,1995,,
PRY,EHM,,m9_m10,1,1996,,
PRY,EHM,,m9_m10,1,1997,,
PRY,EHM,,m9_m10,1,1998,,
PRY,EHM,,m9_m10,1,1999,,
PRY,EHM,,m9_m10,1,2000,,
PRY,EHM,,m9_m10,1,2001,,
PRY,EHM,,m9_m10,1,2002,,
PRY,EHM,,m9_m10,1,2003,,
PRY,EHM,,m9_m10,1,2004,,
PRY,EHM,,m9_m10,1,2005,,
PRY,EHM,,m9_m10,1,2006,,
PRY,EHM,,m9_m10,1,2007,,
PRY,EHM,,m9_m10,1,2008,,
PRY,EHM,,m9_m10,1,2009,,
PRY,EHM,,m9_m10,1,2010,,
PRY,EHM,,m9_m10,1,2011,,
PRY,EHM,,m9_m10,1,2012,,
PRY,EHM,,m9_m10,1,2013,,
PRY,EHM,,m9_m10,1,2014,,
PRY,EHM,,m9_m10,1,2015,,
PRY,EHM,,m9_m10,1,2016,,
PRY,EHM,,m9_m10,1,2017,,
PRY,EHM,,m9_m10,1,2018,,
PRY,EHM,,m9_m10,1,2019,,
PRY,EHM,,m9_m10,1,2020,,
PRY,EHM,,m9_m10,1,2021,,
PRY,EHM,,m9_m10,1,2022,,
PRY,EHM,,m8_m10,1,1986,,
PRY,EHM,,m8_m10,1,1989,,
PRY,EHM,,m8_m10,1,1990,,
PRY,EHM,,m8_m10,1,1991,,
PRY,EHM,,m8_m10,1,1992,,
PRY,EHM,,m8_m10,1,1993,,
PAN,EHPM,,m3,9,2019,1.0,
PRY,EHM,,m8_m10,1,1995,,
PRY,EHM,,m8_m10,1,1996,,
PRY,EHM,,m8_m10,1,1997,,
PRY,EHM,,m8_m10,1,1998,,
PRY,EHM,,m8_m10,1,1999,,
PRY,EHM,,m8_m10,1,2000,,
PRY,EHM,,m8_m10,1,2001,,
PRY,EHM,,m8_m10,1,2002,,
PRY,EHM,,m8_m10,1,2003,,
PRY,EHM,,m8_m10,1,2004,,
PRY,EHM,,m8_m10,1,2005,,
PRY,EHM,,m8_m10,1,2006,,
PRY,EHM,,m8_m10,1,2007,,
PRY,EHM,,m8_m10,1,2008,,
PRY,EHM,,m8_m10,1,2009,,
PRY,EHM,,m8_m10,1,2010,,
PRY,EHM,,m8_m10,1,2011,,
PRY,EHM,,m8_m10,1,2012,,
PRY,EHM,,m8_m10,1,2013,,
PRY,EHM,,m8_m10,1,2014,,
PRY,EHM,,m8_m10,1,2015,,
PRY,EHM,,m8_m10,1,2016,,
PRY,EHM,,m8_m10,1,2017,,
PRY,EHM,,m8_m10,1,2018,,
PRY,EHM,,m8_m10,1,2019,,
PRY,EHM,,m8_m10,1,2020,,
PRY,EHM,,m8_m10,1,2021,,
PRY,EHM,,m8_m10,1,2022,,
PRY,EHM,,m8_m11,1,1986,,
PRY,EHM,,m8_m11,1,1989,,
PRY,EHM,,m8_m11,1,1990,,
PRY,EHM,,m8_m11,1,1991,,
PRY,EHM,,m8_m11,1,1992,,
PRY,EHM,,m8_m11,1,1993,,
PRY,EHM,,m8_m11,1,1994,,
PAN,EHPM,,m3,9,2022,1.0,
PRY,EHM,,m8_m11,1,1996,,
PRY,EHM,,m8_m11,1,1997,,
PRY,EHM,,m8_m11,1,1998,,
PRY,EHM,,m8_m11,1,1999,,
PRY,EHM,,m8_m11,1,2000,,
PRY,EHM,,m8_m11,1,2001,,
PRY,EHM,,m8_m11,1,2002,,
PRY,EHM,,m8_m11,1,2003,,
PRY,EHM,,m8_m11,1,2004,,
PRY,EHM,,m8_m11,1,2005,,
PRY,EHM,,m8_m11,1,2006,,
PRY,EHM,,m8_m11,1,2007,,
PRY,EHM,,m8_m11,1,2008,,
PRY,EHM,,m8_m11,1,2009,,
PRY,EHM,,m8_m11,1,2010,,
PRY,EHM,,m8_m11,1,2011,,
PRY,EHM,,m8_m11,1,2012,,
PRY,EHM,,m8_m11,1,2013,,
PRY,EHM,,m8_m11,1,2014,,
PRY,EHM,,m8_m11,1,2015,,
PRY,EHM,,m8_m11,1,2016,,
PRY,EHM,,m8_m11,1,2017,,
PRY,EHM,,m8_m11,1,2018,,
PRY,EHM,,m8_m11,1,2019,,
PRY,EHM,,m8_m11,1,2020,,
PRY,EHM,,m8_m11,1,2021,,
PRY,EHM,,m8_m11,1,2022,,
PRY,EHM,,m8_m12,1,1986,,
PRY,EHM,,m8_m12,1,1989,,
PRY,EHM,,m8_m12,1,1990,,
PRY,EHM,,m8_m12,1,1991,,
PRY,EHM,,m8_m12,1,1992,,
PRY,EHM,,m8_m12,1,1993,,
PRY,EHM,,m8_m12,1,1994,,
PRY,EHM,,m8_m12,1,1995,,
PAN,EML,,m8,9,2023,1.0,
PAN,EML,,m10,9,2024,1.0,Davidv2
PRY,EHM,,m8_m12,1,1997,,
PRY,EHM,,m8_m12,1,1998,,
PRY,EHM,,m8_m12,1,1999,,
PRY,EHM,,m8_m12,1,2000,,
PRY,EHM,,m8_m12,1,2001,,
PRY,EHM,,m8_m12,1,2002,,
PRY,EHM,,m8_m12,1,2003,,
PRY,EHM,,m8_m12,1,2004,,
PRY,EHM,,m8_m12,1,2005,,
PRY,EHM,,m8_m12,1,2006,,
PRY,EHM,,m8_m12,1,2007,,
PRY,EHM,,m8_m12,1,2008,,
PRY,EHM,,m8_m12,1,2009,,
PRY,EHM,,m8_m12,1,2010,,
PRY,EHM,,m8_m12,1,2011,,
PRY,EHM,,m8_m12,1,2012,,
PRY,EHM,,m8_m12,1,2013,,
PRY,EHM,,m8_m12,1,2014,,
PRY,EHM,,m8_m12,1,2015,,
PRY,EHM,,m8_m12,1,2016,,
PRY,EHM,,m8_m12,1,2017,,
PRY,EHM,,m8_m12,1,2018,,
PRY,EHM,,m8_m12,1,2019,,
PRY,EHM,,m8_m12,1,2020,,
PRY,EHM,,m8_m12,1,2021,,
PRY,EHM,,m8_m12,1,2022,,
PRY,EIH,,m8-1997_m7-1998,1,1986,,
PRY,EIH,,m8-1997_m7-1998,1,1989,,
PRY,EIH,,m8-1997_m7-1998,1,1990,,
PRY,EIH,,m8-1997_m7-1998,1,1991,,
PRY,EIH,,m8-1997_m7-1998,1,1992,,
PRY,EIH,,m8-1997_m7-1998,1,1993,,
PRY,EIH,,m8-1997_m7-1998,1,1994,,
PRY,EIH,,m8-1997_m7-1998,1,1995,,
PRY,EIH,,m8-1997_m7-1998,1,1996,,
PER,ENNIV,,a,2,1991,1.0,
PRY,EIH,,m8-1997_m7-1998,1,1998,,
PRY,EIH,,m8-1997_m7-1998,1,1999,,
PRY,EIH,,m8-1997_m7-1998,1,2000,,
PRY,EIH,,m8-1997_m7-1998,1,2001,,
PRY,EIH,,m8-1997_m7-1998,1,2002,,
PRY,EIH,,m8-1997_m7-1998,1,2003,,
PRY,EIH,,m8-1997_m7-1998,1,2004,,
PRY,EIH,,m8-1997_m7-1998,1,2005,,
PRY,EIH,,m8-1997_m7-1998,1,2006,,
PRY,EIH,,m8-1997_m7-1998,1,2007,,
PRY,EIH,,m8-1997_m7-1998,1,2008,,
PRY,EIH,,m8-1997_m7-1998,1,2009,,
PRY,EIH,,m8-1997_m7-1998,1,2010,,
PRY,EIH,,m8-1997_m7-1998,1,2011,,
PRY,EIH,,m8-1997_m7-1998,1,2012,,
PRY,EIH,,m8-1997_m7-1998,1,2013,,
PRY,EIH,,m8-1997_m7-1998,1,2014,,
PRY,EIH,,m8-1997_m7-1998,1,2015,,
PRY,EIH,,m8-1997_m7-1998,1,2016,,
PRY,EIH,,m8-1997_m7-1998,1,2017,,
PRY,EIH,,m8-1997_m7-1998,1,2018,,
PRY,EIH,,m8-1997_m7-1998,1,2019,,
PRY,EIH,,m8-1997_m7-1998,1,2020,,
PRY,EIH,,m8-1997_m7-1998,1,2021,,
PRY,EIH,,m8-1997_m7-1998,1,2022,,
PRY,EPH,,m9-2000_m8-2001,1,1986,,
PRY,EPH,,m9-2000_m8-2001,1,1989,,
PRY,EPH,,m9-2000_m8-2001,1,1990,,
PRY,EPH,,m9-2000_m8-2001,1,1991,,
PRY,EPH,,m9-2000_m8-2001,1,1992,,
PRY,EPH,,m9-2000_m8-2001,1,1993,,
PRY,EPH,,m9-2000_m8-2001,1,1994,,
PRY,EPH,,m9-2000_m8-2001,1,1995,,
PRY,EPH,,m9-2000_m8-2001,1,1996,,
PRY,EPH,,m9-2000_m8-2001,1,1997,,
PRY,EPH,,m9-2000_m8-2001,1,1998,,
PRY,EPH,,m9-2000_m8-2001,1,1999,,
PER,ENNIV,,a,2,1994,1.0,
PRY,EPH,,m9-2000_m8-2001,1,2001,,
PRY,EPH,,m9-2000_m8-2001,1,2002,,
PRY,EPH,,m9-2000_m8-2001,1,2003,,
PRY,EPH,,m9-2000_m8-2001,1,2004,,
PRY,EPH,,m9-2000_m8-2001,1,2005,,
PRY,EPH,,m9-2000_m8-2001,1,2006,,
PRY,EPH,,m9-2000_m8-2001,1,2007,,
PRY,EPH,,m9-2000_m8-2001,1,2008,,
PRY,EPH,,m9-2000_m8-2001,1,2009,,
PRY,EPH,,m9-2000_m8-2001,1,2010,,
PRY,EPH,,m9-2000_m8-2001,1,2011,,
PRY,EPH,,m9-2000_m8-2001,1,2012,,
PRY,EPH,,m9-2000_m8-2001,1,2013,,
PRY,EPH,,m9-2000_m8-2001,1,2014,,
PRY,EPH,,m9-2000_m8-2001,1,2015,,
PRY,EPH,,m9-2000_m8-2001,1,2016,,
PRY,EPH,,m9-2000_m8-2001,1,2017,,
PRY,EPH,,m9-2000_m8-2001,1,2018,,
PRY,EPH,,m9-2000_m8-2001,1,2019,,
PRY,EPH,,m9-2000_m8-2001,1,2020,,
PRY,EPH,,m9-2000_m8-2001,1,2021,,
PRY,EPH,,m9-2000_m8-2001,1,2022,,
PRY,EPH,,m8_m12,2,1986,,
PRY,EPH,,m8_m12,2,1989,,
PRY,EPH,,m8_m12,2,1990,,
PRY,EPH,,m8_m12,2,1991,,
PRY,EPH,,m8_m12,2,1992,,
PRY,EPH,,m8_m12,2,1993,,
PRY,EPH,,m8_m12,2,1994,,
PRY,EPH,,m8_m12,2,1995,,
PRY,EPH,,m8_m12,2,1996,,
PRY,EPH,,m8_m12,2,1997,,
PRY,EPH,,m8_m12,2,1998,,
PER,ENAHO,,t4,6,1997,1.0,
PRY,EPH,,m8_m12,2,2000,,
PRY,EPH,,m8_m12,2,2001,,
PRY,EPH,,m8_m12,2,2002,,
PER,ENAHO,,t4,6,1998,1.0,
PRY,EPH,,m8_m12,2,2004,,
PRY,EPH,,m8_m12,2,2005,,
PRY,EPH,,m8_m12,2,2006,,
PRY,EPH,,m8_m12,2,2007,,
PRY,EPH,,m8_m12,2,2008,,
PRY,EPH,,m8_m12,2,2009,,
PRY,EPH,,m8_m12,2,2010,,
PRY,EPH,,m8_m12,2,2011,,
PRY,EPH,,m8_m12,2,2012,,
PRY,EPH,,m8_m12,2,2013,,
PRY,EPH,,m8_m12,2,2014,,
PRY,EPH,,m8_m12,2,2015,,
PRY,EPH,,m8_m12,2,2016,,
PRY,EPH,,m8_m12,2,2017,,
PRY,EPH,,m8_m12,2,2018,,
PRY,EPH,,m8_m12,2,2019,,
PRY,EPH,,m8_m12,2,2020,,
PRY,EPH,,m8_m12,2,2021,,
PRY,EPH,,m8_m12,2,2022,,
PRY,EPH,,m11_m12,2,1986,,
PRY,EPH,,m11_m12,2,1989,,
PRY,EPH,,m11_m12,2,1990,,
PRY,EPH,,m11_m12,2,1991,,
PRY,EPH,,m11_m12,2,1992,,
PRY,EPH,,m11_m12,2,1993,,
PRY,EPH,,m11_m12,2,1994,,
PRY,EPH,,m11_m12,2,1995,,
PRY,EPH,,m11_m12,2,1996,,
PRY,EPH,,m11_m12,2,1997,,
PRY,EPH,,m11_m12,2,1998,,
PRY,EPH,,m11_m12,2,1999,,
PRY,EPH,,m11_m12,2,2000,,
PRY,EPH,,m11_m12,2,2001,,
PER,ENAHO,,t4,6,1999,1.0,
PRY,EPH,,m11_m12,2,2003,,
PRY,EPH,,m11_m12,2,2004,,
PRY,EPH,,m11_m12,2,2005,,
PER,ENAHO,,t4,6,2000,1.0,David
PRY,EPH,,m11_m12,2,2007,,
PRY,EPH,,m11_m12,2,2008,,
PRY,EPH,,m11_m12,2,2009,,
PRY,EPH,,m11_m12,2,2010,,
PRY,EPH,,m11_m12,2,2011,,
PRY,EPH,,m11_m12,2,2012,,
PRY,EPH,,m11_m12,2,2013,,
PRY,EPH,,m11_m12,2,2014,,
PRY,EPH,,m11_m12,2,2015,,
PRY,EPH,,m11_m12,2,2016,,
PRY,EPH,,m11_m12,2,2017,,
PRY,EPH,,m11_m12,2,2018,,
PRY,EPH,,m11_m12,2,2019,,
PRY,EPH,,m11_m12,2,2020,,
PRY,EPH,,m11_m12,2,2021,,
PRY,EPH,,m11_m12,2,2022,,
PRY,EPH,,m8_m11,1,1986,,
PRY,EPH,,m8_m11,1,1989,,
PRY,EPH,,m8_m11,1,1990,,
PRY,EPH,,m8_m11,1,1991,,
PRY,EPH,,m8_m11,1,1992,,
PRY,EPH,,m8_m11,1,1993,,
PRY,EPH,,m8_m11,1,1994,,
PRY,EPH,,m8_m11,1,1995,,
PRY,EPH,,m8_m11,1,1996,,
PRY,EPH,,m8_m11,1,1997,,
PRY,EPH,,m8_m11,1,1998,,
PRY,EPH,,m8_m11,1,1999,,
PRY,EPH,,m8_m11,1,2000,,
PRY,EPH,,m8_m11,1,2001,,
PRY,EPH,,m8_m11,1,2002,,
PRY,EPH,,m8_m11,1,2003,,
PER,ENAHO,,t4,6,2001,1.0,
PRY,EPH,,m8_m11,1,2005,,
PRY,EPH,,m8_m11,1,2006,,
PRY,EPH,,m8_m11,1,2007,,
PRY,EPH,,m8_m11,1,2008,,
PRY,EPH,,m8_m11,1,2009,,
PRY,EPH,,m8_m11,1,2010,,
PRY,EPH,,m8_m11,1,2011,,
PRY,EPH,,m8_m11,1,2012,,
PRY,EPH,,m8_m11,1,2013,,
PRY,EPH,,m8_m11,1,2014,,
PRY,EPH,,m8_m11,1,2015,,
PRY,EPH,,m8_m11,1,2016,,
PRY,EPH,,m8_m11,1,2017,,
PRY,EPH,,m8_m11,1,2018,,
PRY,EPH,,m8_m11,1,2019,,
PRY,EPH,,m8_m11,1,2020,,
PRY,EPH,,m8_m11,1,2021,,
PRY,EPH,,m8_m11,1,2022,,
PRY,EPH,,m10_m12,12,1986,,
PRY,EPH,,m10_m12,12,1989,,
PRY,EPH,,m10_m12,12,1990,,
PRY,EPH,,m10_m12,12,1991,,
PRY,EPH,,m10_m12,12,1992,,
PRY,EPH,,m10_m12,12,1993,,
PRY,EPH,,m10_m12,12,1994,,
PRY,EPH,,m10_m12,12,1995,,
PRY,EPH,,m10_m12,12,1996,,
PRY,EPH,,m10_m12,12,1997,,
PRY,EPH,,m10_m12,12,1998,,
PRY,EPH,,m10_m12,12,1999,,
PRY,EPH,,m10_m12,12,2000,,
PRY,EPH,,m10_m12,12,2001,,
PRY,EPH,,m10_m12,12,2002,,
PRY,EPH,,m10_m12,12,2003,,
PRY,EPH,,m10_m12,12,2004,,
PER,ENAHO,,t4,6,2002,1.0,
PRY,EPH,,m10_m12,12,2006,,
PER,ENAHO,,a,19,2003,1.0,
PER,ENAHO,,a,19,2004,1.0,
PER,ENAHO,,a,19,2005,1.0,
PER,ENAHO,,a,19,2006,1.0,
PER,ENAHO,,a,19,2007,1.0,
PER,ENAHO,,a,19,2008,1.0,
PER,ENAHO,,a,19,2009,1.0,
PER,ENAHO,,a,19,2010,1.0,
PER,ENAHO,,a,19,2011,1.0,
PER,ENAHO,,a,19,2012,1.0,
PER,ENAHO,,a,19,2013,1.0,
PRY,EPH,,m10_m12,12,2018,,
PRY,EPH,,m10_m12,12,2019,,
PRY,EPH,,m10_m12,12,2020,,
PRY,EPH,,m10_m12,12,2021,,
PRY,EPH,,m10_m12,12,2022,,
PRY,EPHC,,t4,3,1986,,
PRY,EPHC,,t4,3,1989,,
PRY,EPHC,,t4,3,1990,,
PRY,EPHC,,t4,3,1991,,
PRY,EPHC,,t4,3,1992,,
PRY,EPHC,,t4,3,1993,,
PRY,EPHC,,t4,3,1994,,
PRY,EPHC,,t4,3,1995,,
PRY,EPHC,,t4,3,1996,,
PRY,EPHC,,t4,3,1997,,
PRY,EPHC,,t4,3,1998,,
PRY,EPHC,,t4,3,1999,,
PRY,EPHC,,t4,3,2000,,
PRY,EPHC,,t4,3,2001,,
PRY,EPHC,,t4,3,2002,,
PRY,EPHC,,t4,3,2003,,
PRY,EPHC,,t4,3,2004,,
PRY,EPHC,,t4,3,2005,,
PRY,EPHC,,t4,3,2006,,
PRY,EPHC,,t4,3,2007,,
PRY,EPHC,,t4,3,2008,,
PRY,EPHC,,t4,3,2009,,
PRY,EPHC,,t4,3,2010,,
PRY,EPHC,,t4,3,2011,,
PRY,EPHC,,t4,3,2012,,
PRY,EPHC,,t4,3,2013,,
PRY,EPHC,,t4,3,2014,,
PRY,EPHC,,t4,3,2015,,
PRY,EPHC,,t4,3,2016,,
PRY,EPHC,,t4,3,2017,,
PER,ENAHO,,a,19,2014,1.0,
PRY,EPHC,,t4,3,2019,,
PER,ENAHO,,a,19,2015,1.0,
PER,ENAHO,,a,19,2016,1.0,
PER,ENAHO,,a,19,2017,1.0,
PER,ENAHO,,a,19,2018,1.0,
PER,ENAHO,,a,19,2019,1.0,
PER,ENNIV,,a,2,1986,,
PER,ENNIV,,a,2,1989,,
PER,ENNIV,,a,2,1990,,
PER,ENAHO,,a,19,2020,1.0,
PER,ENNIV,,a,2,1992,,
PER,ENNIV,,a,2,1993,,
PER,ENAHO,,a,19,2021,1.0,
PER,ENNIV,,a,2,1995,,
PER,ENNIV,,a,2,1996,,
PER,ENNIV,,a,2,1997,,
PER,ENNIV,,a,2,1998,,
PER,ENNIV,,a,2,1999,,
PER,ENNIV,,a,2,2000,,
PER,ENNIV,,a,2,2001,,
PER,ENNIV,,a,2,2002,,
PER,ENNIV,,a,2,2003,,
PER,ENNIV,,a,2,2004,,
PER,ENNIV,,a,2,2005,,
PER,ENNIV,,a,2,2006,,
PER,ENNIV,,a,2,2007,,
PER,ENNIV,,a,2,2008,,
PER,ENNIV,,a,2,2009,,
PER,ENNIV,,a,2,2010,,
PER,ENNIV,,a,2,2011,,
PER,ENNIV,,a,2,2012,,
PER,ENNIV,,a,2,2013,,
PER,ENNIV,,a,2,2014,,
PER,ENNIV,,a,2,2015,,
PER,ENNIV,,a,2,2016,,
PER,ENNIV,,a,2,2017,,
PER,ENNIV,,a,2,2018,,
PER,ENNIV,,a,2,2019,,
PER,ENNIV,,a,2,2020,,
PER,ENNIV,,a,2,2021,,
PER,ENNIV,,a,2,2022,,
PER,ENAHO,,t4,6,1986,,
PER,ENAHO,,t4,6,1989,,
PER,ENAHO,,t4,6,1990,,
PER,ENAHO,,t4,6,1991,,
PER,ENAHO,,t4,6,1992,,
PER,ENAHO,,t4,6,1993,,
PER,ENAHO,,t4,6,1994,,
PER,ENAHO,,t4,6,1995,,
PER,ENAHO,,t4,6,1996,,
PER,ENAHO,,a,19,2022,1.0,
PER,ENAHO,,a,19,2023,1.0,
PER,ENAHO,,a,19,2024,1.0,Davidv2
PRY,EHM,,m6_m8,1,1990,1.0,
PRY,EHM,,m10_m11,1,1991,1.0,
PRY,EHM,,m11_m12,1,1992,1.0,
PER,ENAHO,,t4,6,2003,,
PER,ENAHO,,t4,6,2004,,
PER,ENAHO,,t4,6,2005,,
PER,ENAHO,,t4,6,2006,,
PER,ENAHO,,t4,6,2007,,
PER,ENAHO,,t4,6,2008,,
PER,ENAHO,,t4,6,2009,,
PER,ENAHO,,t4,6,2010,,
PER,ENAHO,,t4,6,2011,,
PER,ENAHO,,t4,6,2012,,
PER,ENAHO,,t4,6,2013,,
PER,ENAHO,,t4,6,2014,,
PER,ENAHO,,t4,6,2015,,
PER,ENAHO,,t4,6,2016,,
PER,ENAHO,,t4,6,2017,,
PER,ENAHO,,t4,6,2018,,
PER,ENAHO,,t4,6,2019,,
PER,ENAHO,,t4,6,2020,,
PER,ENAHO,,t4,6,2021,,
PER,ENAHO,,t4,6,2022,,
PER,ENAHO,,a,19,1986,,
PER,ENAHO,,a,19,1989,,
PER,ENAHO,,a,19,1990,,
PER,ENAHO,,a,19,1991,,
PER,ENAHO,,a,19,1992,,
PER,ENAHO,,a,19,1993,,
PER,ENAHO,,a,19,1994,,
PER,ENAHO,,a,19,1995,,
PER,ENAHO,,a,19,1996,,
PER,ENAHO,,a,19,1997,,
PER,ENAHO,,a,19,1998,,
PER,ENAHO,,a,19,1999,,
PER,ENAHO,,a,19,2000,,
PER,ENAHO,,a,19,2001,,
PER,ENAHO,,a,19,2002,,
PRY,EHM,,m9_m10,1,1993,1.0,
PRY,EHM,,m8_m10,1,1994,1.0,
PRY,EHM,,m8_m11,1,1995,1.0,
PRY,EHM,,m8_m12,1,1996,1.0,
PRY,EIH,,m8-1997_m7-1998,1,1997,1.0,
PRY,EIH,,m9-2000_m8-2001,1,2000,1.0,David
PRY,EPH,,m8_m12,2,1999,1.0,
PRY,EPH,,m11_m12,2,2002,1.0,
PRY,EPH,,m8_m12,2,2003,1.0,
PRY,EPH,,m8_m11,1,2004,1.0,
PRY,EPH,,m10_m12,12,2005,1.0,
PRY,EPH,,m11_m12,2,2006,1.0,
PRY,EPH,,m10_m12,12,2007,1.0,
PRY,EPH,,m10_m12,12,2008,1.0,
PRY,EPH,,m10_m12,12,2009,1.0,
PRY,EPH,,m10_m12,12,2010,1.0,
PRY,EPH,,m10_m12,12,2011,1.0,
PRY,EPH,,m10_m12,12,2012,1.0,
PRY,EPH,,m10_m12,12,2013,1.0,
PRY,EPH,,m10_m12,12,2014,1.0,
PRY,EPH,,m10_m12,12,2015,1.0,
PRY,EPH,,m10_m12,12,2016,1.0,
SLV,EHPM,,a,27,1986,,
SLV,EHPM,,a,27,1989,,
SLV,EHPM,,a,27,1990,,
SLV,EHPM,,a,27,1991,,
SLV,EHPM,,a,27,1992,,
SLV,EHPM,,a,27,1993,,
SLV,EHPM,,a,27,1994,,
PRY,EPH,,m10_m12,12,2017,1.0,
PRY,EPHC,,t4,3,2018,1.0,
PRY,EPHC,,t4,3,2019,1.0,
PRY,EPHC,,t4,3,2020,1.0,
PRY,EPHC,,t4,3,2021,1.0,
PRY,EPHC,,t4,3,2022,1.0,
PRY,EPHC,,t4,3,2023,1.0,
PRY,EPHC,,t4,3,2024,1.0,Davidv2
SLV,EHPM,,a,27,1995,1.0,
SLV,EHPM,,a,27,1996,1.0,
SLV,EHPM,,a,27,1997,1.0,
SLV,EHPM,,a,27,1998,1.0,
SLV,EHPM,,a,27,1999,1.0,
SLV,EHPM,,a,27,2000,1.0,David
SLV,EHPM,,a,27,2001,1.0,
SLV,EHPM,,a,27,2002,1.0,
SLV,EHPM,,a,27,2003,1.0,
SLV,EHPM,,a,27,2004,1.0,
SLV,EHPM,,a,27,2005,1.0,
SLV,EHPM,,a,27,2006,1.0,
SLV,EHPM,,a,27,2007,1.0,
SLV,EHPM,,a,27,2008,1.0,
SLV,EHPM,,a,27,2009,1.0,
SLV,EHPM,,a,27,2010,1.0,
SLV,EHPM,,a,27,2011,1.0,
SLV,EHPM,,a,27,2012,1.0,
SLV,EHPM,,a,27,2013,1.0,
SLV,EHPM,,a,27,2014,1.0,
SLV,EHPM,,a,27,2015,1.0,
SLV,EHPM,,a,27,2016,1.0,
URY,ECH,,s2,6,1986,,
URY,ECH,,s2,6,1989,,
SLV,EHPM,,a,27,2017,1.0,
SLV,EHPM,,a,27,2018,1.0,
SLV,EHPM,,a,27,2019,1.0,
SLV,EHPM,,a,27,2020,1.0,
SLV,EHPM,,a,27,2021,1.0,
URY,ECH,,s2,6,1995,,
URY,ECH,,s2,6,1996,,
URY,ECH,,s2,6,1997,,
URY,ECH,,s2,6,1998,,
URY,ECH,,s2,6,1999,,
URY,ECH,,s2,6,2000,,
URY,ECH,,s2,6,2001,,
URY,ECH,,s2,6,2002,,
URY,ECH,,s2,6,2003,,
URY,ECH,,s2,6,2004,,
URY,ECH,,s2,6,2005,,
URY,ECH,,s2,6,2006,,
URY,ECH,,s2,6,2007,,
URY,ECH,,s2,6,2008,,
URY,ECH,,s2,6,2009,,
URY,ECH,,s2,6,2010,,
URY,ECH,,s2,6,2011,,
URY,ECH,,s2,6,2012,,
URY,ECH,,s2,6,2013,,
URY,ECH,,s2,6,2014,,
URY,ECH,,s2,6,2015,,
URY,ECH,,s2,6,2016,,
URY,ECH,,s2,6,2017,,
URY,ECH,,s2,6,2018,,
URY,ECH,,s2,6,2019,,
URY,ECH,,s2,6,2020,,
SLV,EHPM,,a,27,2022,1.0,
URY,ECH,,s2,6,2022,,
URY,ECH,,a,26,1986,,
URY,ECH,,a,26,1989,,
URY,ECH,,a,26,1990,,
URY,ECH,,a,26,1991,,
URY,ECH,,a,26,1992,,
URY,ECH,,a,26,1993,,
URY,ECH,,a,26,1994,,
SLV,EHPM,,a,27,2023,1.0,
SLV,EHPM,,a,27,2024,1.0,Davidv2
SUR,SLC,,m10_m9,1,2017,1.0,
SUR,SLC,,a,1,2022,1.0,
TTO,CSSP,,a,17,1999,1.0,
TTO,CSSP,,a,17,2000,1.0,
TTO,CSSP,,a,17,2001,1.0,
TTO,CSSP,,a,17,2002,1.0,
TTO,CSSP,,a,17,2003,1.0,
TTO,CSSP,,a,17,2004,1.0,
TTO,CSSP,,a,17,2005,1.0,
TTO,CSSP,,a,17,2006,1.0,
TTO,CSSP,,a,17,2007,1.0,
TTO,CSSP,,a,17,2008,1.0,
TTO,CSSP,,a,17,2009,1.0,
TTO,CSSP,,a,17,2010,1.0,
TTO,CSSP,,a,17,2011,1.0,
TTO,CSSP,,a,17,2012,1.0,
TTO,CSSP,,a,17,2013,1.0,
TTO,CSSP,,a,17,2014,1.0,
TTO,CSSP,,a,17,2015,1.0,
URY,ECH,,s2,6,1990,1.0,
URY,ECH,,s2,6,1991,1.0,
URY,ECH,,s2,6,1992,1.0,
URY,ECH,,s2,6,1993,1.0,
URY,ECH,,s2,6,1994,1.0,
URY,ECH,,a,26,2000,1.0,David
URY,ECH,,a,26,2021,,
URY,ECH,,a,26,1995,1.0,
URY,ECH,,a,26,1996,1.0,
URY,ECH,,a,26,1997,1.0,
VEN,EHM,,s2,26,1986,,
URY,ECH,,a,26,1998,1.0,
VEN,EHM,,s2,26,1990,,
URY,ECH,,a,26,1999,1.0,
URY,ECH,,a,26,2001,1.0,
URY,ECH,,a,26,2002,1.0,
URY,ECH,,a,26,2003,1.0,
URY,ECH,,a,26,2004,1.0,
URY,ECH,,a,26,2005,1.0,
URY,ECH,,a,26,2006,1.0,
URY,ECH,,a,26,2007,1.0,
URY,ECH,,a,26,2008,1.0,
URY,ECH,,a,26,2009,1.0,
URY,ECH,,a,26,2010,1.0,
URY,ECH,,a,26,2011,1.0,
URY,ECH,,a,26,2012,1.0,
URY,ECH,,a,26,2013,1.0,
URY,ECH,,a,26,2014,1.0,
URY,ECH,,a,26,2015,1.0,
URY,ECH,,a,26,2016,1.0,
URY,ECH,,a,26,2017,1.0,
URY,ECH,,a,26,2018,1.0,
URY,ECH,,a,26,2019,1.0,
URY,ECH,,a,26,2020,1.0,
URY,ECH,,s2,6,2021,1.0,
URY,ECH,,a,26,2022,1.0,
URY,ECH,,a,26,2023,1.0,
URY,ECH,,a,26,2024,1.0,Davidv2
VEN,EHM,,s2,26,2016,,
VEN,EHM,,s2,26,2017,,
VEN,EHM,,s2,26,2018,,
VEN,EHM,,s2,26,2019,,
VEN,EHM,,s2,26,2020,,
VEN,EHM,,s2,26,2021,,
VEN,EHM,,s2,26,2022,,
VEN,ENCOVI,,a,5,1986,,
VEN,ENCOVI,,a,5,1989,,
VEN,ENCOVI,,a,5,1990,,
VEN,ENCOVI,,a,5,1991,,
VEN,ENCOVI,,a,5,1992,,
VEN,ENCOVI,,a,5,1993,,
VEN,ENCOVI,,a,5,1994,,
VEN,ENCOVI,,a,5,1995,,
VEN,ENCOVI,,a,5,1996,,
VEN,ENCOVI,,a,5,1997,,
VEN,ENCOVI,,a,5,1998,,
VEN,ENCOVI,,a,5,1999,,
VEN,ENCOVI,,a,5,2000,,
VEN,ENCOVI,,a,5,2001,,
VEN,ENCOVI,,a,5,2002,,
VEN,ENCOVI,,a,5,2003,,
VEN,ENCOVI,,a,5,2004,,
VEN,ENCOVI,,a,5,2005,,
VEN,ENCOVI,,a,5,2006,,
VEN,ENCOVI,,a,5,2007,,
VEN,ENCOVI,,a,5,2008,,
VEN,ENCOVI,,a,5,2009,,
VEN,ENCOVI,,a,5,2010,,
VEN,ENCOVI,,a,5,2011,,
VEN,ENCOVI,,a,5,2012,,
VEN,ENCOVI,,a,5,2013,,
VEN,ENCOVI,,a,5,2014,,
VEN,ENCOVI,,a,5,2015,,
VEN,EHM,,s2,26,1989,1.0,
VEN,EHM,,s2,26,1991,1.0,
VEN,EHM,,s2,26,1992,1.0,
VEN,ENCOVI,,a,5,2019,,
VEN,EHM,,s2,26,1993,1.0,
VEN,EHM,,s2,26,1994,1.0,
VEN,EHM,,s2,26,1995,1.0,
VEN,ENCOVI,,a,5,2022,,
TTO,CSSP,restricted,a,17,1986,,
TTO,CSSP,restricted,a,17,1989,,
TTO,CSSP,restricted,a,17,1990,,
TTO,CSSP,restricted,a,17,1991,,
TTO,CSSP,restricted,a,17,1992,,
TTO,CSSP,restricted,a,17,1993,,
TTO,CSSP,restricted,a,17,1994,,
TTO,CSSP,restricted,a,17,1995,,
TTO,CSSP,restricted,a,17,1996,,
TTO,CSSP,restricted,a,17,1997,,
TTO,CSSP,restricted,a,17,1998,,
VEN,EHM,,s2,26,1996,1.0,
VEN,EHM,,s2,26,1997,1.0,
VEN,EHM,,s2,26,1998,1.0,
VEN,EHM,,s2,26,1999,1.0,
VEN,EHM,,s2,26,2000,1.0,David
VEN,EHM,,s2,26,2001,1.0,
VEN,EHM,,s2,26,2002,1.0,
VEN,EHM,,s2,26,2003,1.0,
VEN,EHM,,s2,26,2004,1.0,
VEN,EHM,,s2,26,2005,1.0,
VEN,EHM,,s2,26,2006,1.0,
VEN,EHM,,s2,26,2007,1.0,
VEN,EHM,,s2,26,2008,1.0,
VEN,EHM,,s2,26,2009,1.0,
VEN,EHM,,s2,26,2010,1.0,
VEN,EHM,,s2,26,2011,1.0,
VEN,EHM,,s2,26,2012,1.0,
TTO,CSSP,restricted,a,17,2016,,
TTO,CSSP,restricted,a,17,2017,,
TTO,CSSP,restricted,a,17,2018,,
TTO,CSSP,restricted,a,17,2019,,
TTO,CSSP,restricted,a,17,2020,,
TTO,CSSP,restricted,a,17,2021,,
TTO,CSSP,restricted,a,17,2022,,
SUR,SLC,restricted,m10_m9,1,1986,,
SUR,SLC,restricted,m10_m9,1,1989,,
SUR,SLC,restricted,m10_m9,1,1990,,
SUR,SLC,restricted,m10_m9,1,1991,,
SUR,SLC,restricted,m10_m9,1,1992,,
SUR,SLC,restricted,m10_m9,1,1993,,
SUR,SLC,restricted,m10_m9,1,1994,,
SUR,SLC,restricted,m10_m9,1,1995,,
SUR,SLC,restricted,m10_m9,1,1996,,
SUR,SLC,restricted,m10_m9,1,1997,,
SUR,SLC,restricted,m10_m9,1,1998,,
SUR,SLC,restricted,m10_m9,1,1999,,
SUR,SLC,restricted,m10_m9,1,2000,,
SUR,SLC,restricted,m10_m9,1,2001,,
SUR,SLC,restricted,m10_m9,1,2002,,
SUR,SLC,restricted,m10_m9,1,2003,,
SUR,SLC,restricted,m10_m9,1,2004,,
SUR,SLC,restricted,m10_m9,1,2005,,
SUR,SLC,restricted,m10_m9,1,2006,,
SUR,SLC,restricted,m10_m9,1,2007,,
SUR,SLC,restricted,m10_m9,1,2008,,
SUR,SLC,restricted,m10_m9,1,2009,,
SUR,SLC,restricted,m10_m9,1,2010,,
SUR,SLC,restricted,m10_m9,1,2011,,
SUR,SLC,restricted,m10_m9,1,2012,,
SUR,SLC,restricted,m10_m9,1,2013,,
SUR,SLC,restricted,m10_m9,1,2014,,
SUR,SLC,restricted,m10_m9,1,2015,,
SUR,SLC,restricted,m10_m9,1,2016,,
VEN,EHM,,s2,26,2013,1.0,
SUR,SLC,restricted,m10_m9,1,2018,,
SUR,SLC,restricted,m10_m9,1,2019,,
SUR,SLC,restricted,m10_m9,1,2020,,
SUR,SLC,restricted,m10_m9,1,2021,,
SUR,SLC,restricted,m10_m9,1,2022,,
VEN,EHM,,s2,26,2014,1.0,
GUY,LFS,public,t4,4,1986,,
GUY,LFS,public,t4,4,1989,,
GUY,LFS,public,t4,4,1990,,
GUY,LFS,public,t4,4,1991,,
GUY,LFS,public,t4,4,1992,,
GUY,LFS,public,t4,4,1993,,
GUY,LFS,public,t4,4,1994,,
GUY,LFS,public,t4,4,1995,,
GUY,LFS,public,t4,4,1996,,
GUY,LFS,public,t4,4,1997,,
GUY,LFS,public,t4,4,1998,,
GUY,LFS,public,t4,4,1999,,
GUY,LFS,public,t4,4,2000,,
GUY,LFS,public,t4,4,2001,,
GUY,LFS,public,t4,4,2002,,
GUY,LFS,public,t4,4,2003,,
GUY,LFS,public,t4,4,2004,,
GUY,LFS,public,t4,4,2005,,
GUY,LFS,public,t4,4,2006,,
GUY,LFS,public,t4,4,2007,,
GUY,LFS,public,t4,4,2008,,
GUY,LFS,public,t4,4,2009,,
GUY,LFS,public,t4,4,2010,,
GUY,LFS,public,t4,4,2011,,
GUY,LFS,public,t4,4,2012,,
GUY,LFS,public,t4,4,2013,,
GUY,LFS,public,t4,4,2014,,
GUY,LFS,public,t4,4,2015,,
GUY,LFS,public,t4,4,2016,,
VEN,EHM,,s2,26,2015,1.0,
VEN,ENCOVI,,a,5,2016,1.0,
VEN,ENCOVI,,a,5,2017,1.0,
GUY,LFS,public,t4,4,2020,,
VEN,ENCOVI,,a,5,2018,1.0,
GUY,LFS,public,t4,4,2022,,
Total,,,,558,1989,3.0,
Total,,,,558,1990,10.0,
Total,,,,558,1991,11.0,
Total,,,,558,1992,13.0,
Total,,,,558,1993,13.0,
Total,,,,558,1994,14.0,
Total,,,,558,1995,15.0,
Total,,,,558,1996,17.0,
Total,,,,558,1997,16.0,
Total,,,,558,1998,16.0,
Total,,,,558,1999,17.0,
Total,,,,558,2000,18.0,
Total,,,,558,2001,18.0,
Total,,,,558,2002,20.0,
Total,,,,558,2003,20.0,
Total,,,,558,2004,20.0,
Total,,,,558,2005,21.0,
Total,,,,558,2006,21.0,
Total,,,,558,2007,19.0,
Total,,,,558,2008,19.0,
Total,,,,558,2009,20.0,
Total,,,,558,2010,18.0,
Total,,,,558,2011,20.0,
Total,,,,558,2012,22.0,
Total,,,,558,2013,20.0,
Total,,,,558,2014,21.0,
Total,,,,558,2015,18.0,
Total,,,,558,2016,18.0,
Total,,,,558,2017,18.0,
Total,,,,558,2018,17.0,
Total,,,,558,2019,15.0,
Total,,,,558,2020,15.0,
Total,,,,558,2021,14.0,
Total,,,,558,2022,9.0,
VEN,ENCOVI,restricted,a,5,2020,1.0,
VEN,ENCOVI,restricted,a,5,2021,1.0,
VEN,ENCOVI,restricted,a,5,2024,1.0,Davidv2
